[nexa.law/index.html]
[cdn.jsdelivr.net/npm/alpinejs@2.8.2/dist/alpine.min.js]
[use.typekit.net/yij8iin.css]
[code.jquery.com/jquery-3.7.1.min.js]
[cdn.jsdelivr.net/npm/aos@3.0.0-beta.6/dist/aos.css]
[cdn.jsdelivr.net/npm/aos@3.0.0-beta.6/dist/aos.js]
[backblue.gif]
[fade.gif]
[index.html]
[cdn-eu.pagesense.io/js/20099336042/b95f2b98e52e4a19af0bcdaf2459e7d0.js]
[nexa.law/wp-json/oembed/1.0/embed912c.json]
[nexa.law/wp-json/oembed/1.0/embed37bb]
[nexa.law/wp-content/plugins/contact-form-7/includes/css/stylesb5e1.css]
[nexa.law/wp-content/plugins/simple-banner/simple-bannerdeae.css]
[nexa.law/wp-content/themes/nexalaw/stylec096.css]
[use.typekit.net/yij8iinb34e.css]
[nexa.law/wp-content/themes/nexalaw/src/css/additionalfbde.css]
[nexa.law/wp-includes/js/jquery/jquery.minf43b.js]
[nexa.law/wp-includes/js/jquery/jquery-migrate.min5589.js]
[nexa.law/wp-content/plugins/simple-banner/simple-bannerdeae.js]
[nexa.law/wp-json/wp/v2/pages/5689.json]
[nexa.law/wp-json/index.html]
[nexa.law/xmlrpc0db0.php]
[nexa.law/wp-content/uploads/2024/10/cropped-nexa_n_03-32x32.png]
[nexa.law/wp-content/uploads/2024/10/cropped-nexa_n_03-192x192.png]
[nexa.law/wp-content/uploads/2024/10/cropped-nexa_n_03-180x180.png]
[nexa.law/wp-content/themes/nexalaw/public/dist/assets/nexa_type_01.svg]
[nexa.law/our-story/index.html]
[nexa.law/nexa-insights/index.html]
[nexa.law/our-lawyers/index.html]
[nexa.law/our-services/index.html]
[nexa.law/contact-us/index.html]
[www.reviewsolicitors.co.uk/widget/rs.js]
[nexa.law/wp-content/uploads/2025/07/Video_overlay_mobile-1.webp]
[nexa.law/wp-content/uploads/2025/07/Video_overlay_desktop-1.webp]
[nexa.law/wp-content/uploads/2025/08/Nexa_home_hero_scaled_mobile-1.mp4]
[nexa.law/wp-content/uploads/Nexa_home_hero_highres.mp4]
[nexa.law/wp-content/uploads/2025/07/get_in_touch_background_mobile_n.webp]
[nexa.law/wp-content/uploads/2025/07/the_Nexa_difference-1024x578.webp]
[nexa.law/wp-content/uploads/2025/07/nexa_eliot.webp]
[cdn.jsdelivr.net/npm/swiper@11/swiper-bundle.min.css]
[cdn.jsdelivr.net/npm/swiper@11/swiper-bundle.min.js]
[nexa.law/wp-content/uploads/2025/08/AdobeStock_482520724.jpg]
[nexa.law/can-you-beat-the-dividend-tax-rates-rise/index.html]
[nexa.law/wp-content/uploads/2024/08/femi.jpg]
[nexa.law/clarification-in-mcgann-v-eldonian-community-trust-ltd-ewhc-66-ch/index.html]
[nexa.law/insolvency-litigation-funding-non-party-costs-judgment/index.html]
[nexa.law/wp-content/themes/nexalaw/public/dist/assets/nexa_type_01_white.svg]
[nexa.law/wp-content/uploads/2025/09/Nexa-Environmental-Business-Charter-February-2024.pdf]
[nexa.law/wp-content/themes/nexalaw/src/assets/SRA Diversity Questionnaire Responses 2025.pdf]
[nexa.law/pricing-guide/index.html]
[nexa.law/leadership-team/index.html]
[nexa.law/wp-content/themes/nexalaw/public/dist/assets/Conveyancing.jpg]
[nexa.law/work-at-nexa/index.html]
[nexa.law/wp-content/themes/nexalaw/public/dist/assets/lsa-annual-report.pdf]
[nexa.law/support-team/index.html]
[nexa.law/wp-content/themes/nexalaw/public/dist/assets/lsa-logo-2026.png]
[nexa.law/schedule-a-call/index.html]
[nexa.law/wp-includes/js/dist/hooks.minaf5f.js]
[nexa.law/interest-paid-to-clients-policy/index.html]
[nexa.law/wp-includes/js/dist/i18n.min1cde.js]
[nexa.law/cookies-policy/index.html]
[nexa.law/digital-privacy-policy/index.html]
[nexa.law/privacy-policy/index.html]
[nexa.law/wp-content/plugins/contact-form-7/includes/swv/js/indexb5e1.js]
[nexa.law/wp-content/plugins/contact-form-7/includes/js/indexb5e1.js]
[nexa.law/complaints-handling-policy/index.html]
[nexa.law/wp-content/themes/nexalaw/public/dist/main38ca.js]
[www.google.com/recaptcha/apib05e.js]
[nexa.law/wp-includes/js/dist/vendor/wp-polyfill.min2c7c.js]
[nexa.law/wp-content/plugins/contact-form-7/modules/recaptcha/indexb5e1.js]
[nexa.law/wp-content/plugins/google-site-kit/dist/assets/js/googlesitekit-events-provider-contact-form-7-83c32a029ed2cf5b6a82.js]
[unpkg.com/aos@3.0.0-beta.6/dist/aos.js]
[nexa.law/index.html]
[storage.googleapis.com/moneypennychat/js/1d0e431d-4fed-4986-8825-e87fcb73d13b.js]
[use.typekit.net/af/220823/000000000000000000015231/27/l652f]
[use.typekit.net/af/220823/000000000000000000015231/27/d652f]
[use.typekit.net/af/220823/000000000000000000015231/27/a652f]
[use.typekit.net/af/180254/00000000000000000001522c/27/le196]
[use.typekit.net/af/180254/00000000000000000001522c/27/de196]
[use.typekit.net/af/180254/00000000000000000001522c/27/ae196]
[use.typekit.net/af/a2df1e/00000000000000000001522a/27/l3eab]
[use.typekit.net/af/a2df1e/00000000000000000001522a/27/d3eab]
[use.typekit.net/af/a2df1e/00000000000000000001522a/27/a3eab]
[use.typekit.net/af/28ba4b/000000000000000000015226/27/l5bba]
[use.typekit.net/af/28ba4b/000000000000000000015226/27/d5bba]
[use.typekit.net/af/28ba4b/000000000000000000015226/27/a5bba]
[use.typekit.net/af/d69d3b/00000000000000007735c098/30/l652f]
[use.typekit.net/af/d69d3b/00000000000000007735c098/30/d652f]
[use.typekit.net/af/d69d3b/00000000000000007735c098/30/a652f]
[use.typekit.net/af/62b589/00000000000000007735c09a/30/le265]
[use.typekit.net/af/62b589/00000000000000007735c09a/30/de265]
[use.typekit.net/af/62b589/00000000000000007735c09a/30/ae265]
[use.typekit.net/af/6b9548/00000000000000007735c09d/30/l5bba]
[use.typekit.net/af/6b9548/00000000000000007735c09d/30/d5bba]
[use.typekit.net/af/6b9548/00000000000000007735c09d/30/a5bba]
[use.typekit.net/af/cd86df/00000000000000007735c09f/30/l1f8b]
[use.typekit.net/af/cd86df/00000000000000007735c09f/30/d1f8b]
[use.typekit.net/af/cd86df/00000000000000007735c09f/30/a1f8b]
[use.typekit.net/af/308ea8/00000000000000007735c0a2/30/l49af]
[use.typekit.net/af/308ea8/00000000000000007735c0a2/30/d49af]
[use.typekit.net/af/308ea8/00000000000000007735c0a2/30/a49af]
[use.typekit.net/af/254f88/00000000000000007735c0a7/30/l3eab]
[use.typekit.net/af/254f88/00000000000000007735c0a7/30/d3eab]
[use.typekit.net/af/254f88/00000000000000007735c0a7/30/a3eab]
[use.typekit.net/af/d6a650/00000000000000007735c0a8/30/laaa3]
[use.typekit.net/af/d6a650/00000000000000007735c0a8/30/daaa3]
[use.typekit.net/af/d6a650/00000000000000007735c0a8/30/aaaa3]
[use.typekit.net/af/decad5/00000000000000007735c0a9/30/le003]
[use.typekit.net/af/decad5/00000000000000007735c0a9/30/de003]
[use.typekit.net/af/decad5/00000000000000007735c0a9/30/ae003]
[use.typekit.net/af/b3966b/00000000000000007735c0aa/30/laf99]
[use.typekit.net/af/b3966b/00000000000000007735c0aa/30/daf99]
[use.typekit.net/yij8iin.css]
[cdn.jsdelivr.net/npm/aos@3.0.0-beta.6/dist/aos.css]
[nexa.law/wp-content/plugins/contact-form-7/includes/css/stylesb5e1.css]
[nexa.law/wp-content/plugins/simple-banner/simple-bannerdeae.css]
[use.typekit.net/af/b3966b/00000000000000007735c0aa/30/aaf99]
[nexa.law/wp-content/themes/nexalaw/stylec096.css]
[use.typekit.net/yij8iinb34e.css]
[nexa.law/wp-content/themes/nexalaw/public/dist/assets/x_texture_1.svg]
[nexa.law/wp-content/uploads/2025/07/get_in_touch_background_desktop_crosses.webp]
[nexa.law/wp-content/themes/nexalaw/src/css/additionalfbde.css]
[nexa.law/xmlrpc0db0.html]
[www.googletagmanager.com/gtm5445.html]
[nexa.law/wp-content/themes/nexalaw/public/dist/assets/nexa_type_01.svg]
[nexa.law/wp-json/oembed/1.0/embedccf5.json]
[nexa.law/wp-json/oembed/1.0/embedb576]
[nexa.law/wp-content/themes/nexalaw/src/css/additional4269.css]
[nexa.law/wp-json/wp/v2/pages/5740.json]
[nexa.law/wp-content/uploads/2025/08/About_us_hero_scaled_mobile.mp4]
[nexa.law/wp-content/uploads/2025/08/About-us_hero_scaled_desktop.mp4]
[nexa.law/our-story/index.html]
[nexa.law/wp-json/oembed/1.0/embedb069.json]
[nexa.law/wp-json/oembed/1.0/embed0010]
[nexa.law/wp-content/themes/nexalaw/src/css/additional6ebe.css]
[nexa.law/wp-json/wp/v2/pages/41.json]
[nexa.law/wp-content/uploads/2024/10/AdobeStock_627360189-scaled.webp]
[nexa.law/wp-content/uploads/2024/08/abby.jpg]
[nexa.law/lawyers/abby-minns/index.html]
[nexa.law/cdn-cgi/l/email-protection.html]
[nexa.law/wp-content/uploads/2024/08/Adrian_Hansford_profile.jpg]
[nexa.law/wp-content/uploads/2025/06/Agnes_Gay-Edit_profile_390x435.jpg]
[nexa.law/lawyers/adrian-hansford/index.html]
[nexa.law/lawyers/agnes-gay/index.html]
[nexa.law/wp-content/uploads/2026/02/Ailsa_Fairchild-Edit_profile_390x435.jpg]
[nexa.law/lawyers/ailsa-fairchild/index.html]
[nexa.law/wp-content/uploads/2024/08/Alex_Keenan_profile.jpg]
[nexa.law/lawyers/alex-keenan/index.html]
[nexa.law/wp-content/uploads/2026/03/Alexander_Wright-Edit_profile_390x435.jpg]
[nexa.law/lawyers/alexander-wright/index.html]
[nexa.law/wp-content/uploads/2025/11/Alexandra_Dean-Edit_profile_390x435.jpg]
[nexa.law/lawyers/alexandra-dean/index.html]
[nexa.law/wp-content/uploads/2024/08/Alistair_Haggerty-Edit_profile_390x435.jpg]
[nexa.law/lawyers/alistair-haggerty/index.html]
[nexa.law/lawyers/amaar-faaruq/index.html]
[nexa.law/wp-content/uploads/2024/08/Amaar-Faaruq-390-x-435.jpg]
[nexa.law/wp-content/uploads/2024/08/Amardeep_Nangla_profile.jpg]
[nexa.law/wp-content/uploads/2024/08/Amy_Leite_2_profile.jpg]
[nexa.law/lawyers/amardeep-nangla/index.html]
[nexa.law/lawyers/amy-leite/index.html]
[nexa.law/lawyers/andrew-horrocks/index.html]
[nexa.law/wp-content/uploads/2024/08/andrew2.jpg]
[nexa.law/wp-content/uploads/2025/07/Andrew_King-Edit-2_profile_390x435.jpg]
[nexa.law/lawyers/andrew-king/index.html]
[nexa.law/wp-content/uploads/2024/08/Angelina_Milon-edit_profile_390x435px.jpg]
[nexa.law/lawyers/angelina-milon/index.html]
[nexa.law/wp-content/uploads/2024/08/Annest_Smith_profile.jpg]
[nexa.law/wp-content/uploads/2024/08/anushka.jpg]
[nexa.law/lawyers/annest-smith/index.html]
[nexa.law/lawyers/anushka-dosanjh/index.html]
[nexa.law/wp-content/uploads/2025/03/Arthur_Fernandes-Edit_profile_390x435.jpg]
[nexa.law/lawyers/arthur-fernandes/index.html]
[nexa.law/wp-content/uploads/2025/12/Ayla_Karmail-Edit_profile_390x435.jpg]
[nexa.law/lawyers/ayla-karmali/index.html]
[nexa.law/wp-content/uploads/2024/08/Badar_Zaman_profile.jpg]
[nexa.law/lawyers/badar-zaman/index.html]
[nexa.law/wp-content/uploads/2024/08/Belle_Ghaleb_profile.jpg]
[nexa.law/lawyers/belle-ghaleb/index.html]
[nexa.law/wp-content/uploads/2024/08/website-photo.jpg]
[nexa.law/wp-content/uploads/2024/08/brigit.jpg]
[nexa.law/lawyers/ben-walmsley/index.html]
[nexa.law/wp-content/uploads/2024/08/Nexa-8002333_Square-1-1.jpg]
[nexa.law/lawyers/brigit-hanwell/index.html]
[nexa.law/lawyers/caroline-gumbrell/index.html]
[nexa.law/wp-content/uploads/2024/10/Cathy_Oh.jpg]
[nexa.law/lawyers/catherine-oh/index.html]
[nexa.law/wp-content/uploads/2024/08/Catrina_2.jpg]
[nexa.law/lawyers/catrina-newman/index.html]
[nexa.law/wp-content/uploads/2024/08/Chantal_Thomas_profile_390x435px.jpg]
[nexa.law/wp-content/uploads/2025/02/Charles_Ivuerah-Edit_profile_390x435.jpg]
[nexa.law/lawyers/chantal-thomas/index.html]
[nexa.law/lawyers/charles-ivuerah/index.html]
[nexa.law/wp-content/uploads/2026/01/Charlotte_Read-Edit_profile_390x435.jpg]
[nexa.law/lawyers/charlotte-read/index.html]
[nexa.law/wp-content/uploads/2024/08/Chrissie-Wolfe-390-x-435.jpg]
[nexa.law/lawyers/chrissie-wolfe/index.html]
[nexa.law/wp-content/uploads/2025/02/placeholder-profile-male-500x500-1.png]
[nexa.law/wp-content/uploads/2024/08/daniel.jpg]
[nexa.law/lawyers/christopher-porter/index.html]
[nexa.law/wp-content/uploads/2024/08/daniel-wong.jpg]
[nexa.law/lawyers/daniel-jenkins/index.html]
[nexa.law/lawyers/daniel-wong/index.html]
[nexa.law/wp-content/uploads/2023/12/David_Roth_Profile-269x300-1.jpg]
[nexa.law/lawyers/david-roth/index.html]
[nexa.law/wp-content/uploads/2024/08/David_Turner-Edit_profile_390x435px.jpg]
[nexa.law/lawyers/david-turner/index.html]
[nexa.law/wp-content/uploads/2024/11/Diane_Slater_02-Edit_profile_390x435.jpg]
[nexa.law/lawyers/diane-slater/index.html]
[nexa.law/wp-content/uploads/2024/08/Donna_Taylor-_Profile.jpg]
[nexa.law/lawyers/donna-taylor/index.html]
[nexa.law/wp-content/uploads/2025/12/Doug_Frame-Edit_profile_390x435.jpg]
[nexa.law/lawyers/doug-frame/index.html]
[nexa.law/wp-content/uploads/2024/08/Eduardo_Grazioli_profile.jpg]
[nexa.law/lawyers/eduardo-grazioli/index.html]
[nexa.law/wp-content/uploads/2024/08/elizabeth.jpg]
[nexa.law/lawyers/elizabeth-matfin/index.html]
[nexa.law/wp-content/uploads/2024/08/Ellen_Parker-Edit_profile_390x435-THUMBNAIL.jpg]
[nexa.law/lawyers/ellen-parker/index.html]
[nexa.law/wp-content/uploads/2024/08/Emma_Bagshaw_profile_390x435px.jpg]
[nexa.law/lawyers/emma-bagshaw/index.html]
[nexa.law/wp-content/uploads/2024/04/Emma-Adkins-390-x-435.jpg]
[nexa.law/lawyers/emma-pole/index.html]
[nexa.law/wp-content/uploads/2024/08/Emma_Rowe_profile_390x435px.jpg]
[nexa.law/lawyers/emma-rowe/index.html]
[nexa.law/wp-content/uploads/2025/11/Emma_Trick-Edit_profile_390x435.jpg]
[nexa.law/lawyers/emma-trick/index.html]
[nexa.law/wp-content/uploads/2024/08/Emma_Warner-Reed-Edit_profile_390x435.jpg]
[nexa.law/lawyers/emma-warner-reed/index.html]
[nexa.law/wp-content/uploads/2025/08/Erika_Daniel-Edit_profile_390x435.jpg]
[nexa.law/lawyers/erika-daniel/index.html]
[nexa.law/wp-content/uploads/2024/08/Femi_Ogunshakin-Edit_profile_390x435.jpg]
[nexa.law/lawyers/femi-ogunshakin/index.html]
[nexa.law/wp-content/uploads/2024/11/Ffion_Thomson-Edit_profile_390x435.jpg]
[nexa.law/wp-content/uploads/2024/08/website-photo-2.jpg]
[nexa.law/lawyers/ffion-thomson/index.html]
[nexa.law/lawyers/fraser-mcgee/index.html]
[nexa.law/wp-content/uploads/2024/08/Gary_Austin-Edit_profile_390x435px.jpg]
[nexa.law/lawyers/gary-austin/index.html]
[nexa.law/wp-content/uploads/2025/01/Gayle_Defries-Edit_profile_390x435.jpg]
[nexa.law/wp-content/uploads/2024/08/Georgina_Kyriacou-Edit_profile_390x435.jpg]
[nexa.law/lawyers/gayle-defries/index.html]
[nexa.law/lawyers/georgina-kyriacou/index.html]
[nexa.law/wp-content/uploads/2024/08/Gurch-Kharay-390-x-435-Profile.jpg]
[nexa.law/lawyers/gurch-kharay/index.html]
[nexa.law/wp-content/uploads/2024/08/Hannah_Howe_profile.jpg]
[nexa.law/lawyers/hannah-howe/index.html]
[nexa.law/wp-content/uploads/2025/07/Hannah_Stockham-Edit_profile_390x435.jpg]
[nexa.law/lawyers/hannah-stockham/index.html]
[nexa.law/wp-content/uploads/2024/11/Harpreet_Talwar-Edit_profile_390x435.jpg]
[nexa.law/lawyers/harpreet-talwar/index.html]
[nexa.law/wp-content/uploads/2024/08/henry.jpg]
[nexa.law/lawyers/henry-clarke/index.html]
[nexa.law/wp-content/uploads/2025/06/Ian_Mason-Edit_profile_390x435.jpg]
[nexa.law/lawyers/ian-mason/index.html]
[nexa.law/wp-content/uploads/2024/08/Ilesh.jpg]
[nexa.law/wp-content/uploads/2024/08/jack.jpg]
[nexa.law/lawyers/ilesh-chandarana/index.html]
[nexa.law/lawyers/jack-marriott/index.html]
[nexa.law/wp-content/uploads/2026/02/Jacqueline_White-2-Edit_profile_390x435.jpg]
[nexa.law/lawyers/jacqueline-white/index.html]
[nexa.law/wp-content/uploads/2024/08/Jag_Kandola-Edit_profile_390x435px.jpg]
[nexa.law/lawyers/jagdeep-kitaure/index.html]
[nexa.law/wp-content/uploads/2024/08/James-Winfield-390-x-435.jpg]
[nexa.law/lawyers/james-winfield/index.html]
[nexa.law/wp-content/uploads/2024/08/jane.jpg]
[nexa.law/lawyers/jane-gray/index.html]
[nexa.law/wp-content/uploads/2024/08/Jane_Pearsey_profile_390x435px.jpg]
[nexa.law/lawyers/jane-pearsey/index.html]
[nexa.law/wp-content/uploads/2026/01/Jat_Patti-Edit_profile_390x435.jpg]
[nexa.law/lawyers/jat-patti/index.html]
[nexa.law/wp-content/uploads/2024/08/Jayne-Atkinson-390-x-435.jpg]
[nexa.law/lawyers/jayne-atkinson/index.html]
[nexa.law/wp-content/uploads/2024/08/jennifer.jpg]
[nexa.law/lawyers/jennifer-andrews/index.html]
[nexa.law/wp-content/uploads/2025/11/Jo_Robson-Edit_profile_390x435.jpg]
[nexa.law/wp-content/uploads/2024/08/John_Cato_Profile.jpg]
[nexa.law/lawyers/joanna-robson/index.html]
[nexa.law/lawyers/john-cato/index.html]
[nexa.law/lawyers/john-cook/index.html]
[nexa.law/wp-content/uploads/2024/11/John_Cook-Edit_profile_390x435.jpg]
[nexa.law/wp-content/uploads/2025/03/John_Coulter-Edit_profile_390x435.jpg]
[nexa.law/lawyers/john-coulter/index.html]
[nexa.law/wp-content/uploads/2024/08/John_McLean_profile.jpg]
[nexa.law/wp-content/uploads/2024/08/Jon_Percy_2.jpg]
[nexa.law/lawyers/jon-percy/index.html]
[nexa.law/lawyers/john-mclean/index.html]
[nexa.law/wp-content/uploads/2024/08/Jonathan_Hodge-2-Edit_profile_390x435.jpg]
[nexa.law/lawyers/jonathan-hodge/index.html]
[nexa.law/wp-content/uploads/2024/08/New-image.jpg]
[nexa.law/lawyers/jonathan-jacobs/index.html]
[nexa.law/wp-content/uploads/2024/08/Jonathan_Sara_Profile.jpg]
[nexa.law/lawyers/jonathan-sara/index.html]
[nexa.law/wp-content/uploads/2024/08/Jonathan-Warner-Reed1.jpg]
[nexa.law/lawyers/jonathan-warner-reed/index.html]
[nexa.law/wp-content/uploads/2024/11/Julie_Mortimer_2-Edit_profile_390x435.jpg]
[nexa.law/lawyers/jules-mortimer/index.html]
[nexa.law/wp-content/uploads/2024/08/Julia_Hurren-Edit_profile_390x435px.jpg]
[nexa.law/lawyers/julia-hurren/index.html]
[nexa.law/wp-content/uploads/2024/08/Julie_Trimble_profile.jpg]
[nexa.law/wp-content/uploads/2024/08/karen.jpg]
[nexa.law/lawyers/julie-trimble/index.html]
[nexa.law/lawyers/karen-thompson/index.html]
[nexa.law/wp-content/uploads/2025/07/Kate_Gibbs-Edit_profile_390x435.jpg]
[nexa.law/lawyers/kate-gibbs/index.html]
[nexa.law/wp-content/uploads/2026/02/Kathlene_Burke-Edit_profile_390x435.jpg]
[nexa.law/lawyers/kathlene-burke/index.html]
[nexa.law/wp-content/uploads/2024/08/keeley.jpg]
[nexa.law/lawyers/keeley-lawrence-hoyle/index.html]
[nexa.law/wp-content/uploads/2024/08/Kevin_Wilson_profile.jpg]
[nexa.law/lawyers/kevin-wilson/index.html]
[nexa.law/wp-content/uploads/2025/02/Kiran_Dhaliwal-Edit_profile_390x435.jpg]
[nexa.law/lawyers/kiran-dhaliwal/index.html]
[nexa.law/wp-content/uploads/2025/07/Kirsty_Jones-Edit_profile_390x435.jpg]
[nexa.law/lawyers/kirsty-jones/index.html]
[nexa.law/wp-content/uploads/2025/03/Kirsty_Porter-Edit_profile_390x435.jpg]
[nexa.law/lawyers/kirsty-porter/index.html]
[nexa.law/wp-content/uploads/2025/11/Kulraj_Dassaur-Edit_profile_390x435.jpg]
[nexa.law/wp-content/uploads/2024/08/Lawrence_Lupin_profile_390x435px.jpg]
[nexa.law/lawyers/kulraj-dassaur/index.html]
[nexa.law/lawyers/lawrence-lupin/index.html]
[nexa.law/wp-content/uploads/2026/04/Lee_Chisman-Russel-Edit_profile_390x435.jpg]
[nexa.law/wp-content/uploads/2024/08/Lee_Magner_profile.jpg]
[nexa.law/lawyers/lee-chisman-russell/index.html]
[nexa.law/wp-content/uploads/2025/01/Lily_Maleyazdi-Edit_profile_390x435.jpg]
[nexa.law/wp-content/uploads/2024/08/lorna.jpg]
[nexa.law/lawyers/lorna-lewis/index.html]
[nexa.law/wp-content/uploads/2024/08/Louise_Sackey_profile.jpg]
[nexa.law/lawyers/lee-magner/index.html]
[nexa.law/wp-content/uploads/2025/12/Louise_Stradling-Edit_profile_390x435.jpg]
[nexa.law/lawyers/louise-sackey/index.html]
[nexa.law/wp-content/uploads/2024/08/Lucy_Eldred_profile_390x435px-1.jpg]
[nexa.law/lawyers/louise-stradling/index.html]
[nexa.law/wp-content/uploads/2024/11/Unknown-2-Edit_profile_390x435.jpg]
[nexa.law/lawyers/lily-malekyazdi/index.html]
[nexa.law/lawyers/lucy-eldred/index.html]
[nexa.law/lawyers/manjinder-talwara/index.html]
[nexa.law/wp-content/uploads/2024/08/Marcia-Lopes-390-x-435.jpg]
[nexa.law/lawyers/marcia-lopes/index.html]
[nexa.law/wp-content/uploads/2024/08/Mark_Coupe_profile.jpg]
[nexa.law/wp-content/uploads/2024/08/Marshall_Levine_Profile_2.jpg]
[nexa.law/lawyers/mark-coupe/index.html]
[nexa.law/lawyers/marshall-levine/index.html]
[nexa.law/wp-content/uploads/2024/08/Martin-Wilson-390-x-435.jpg]
[nexa.law/wp-content/uploads/2024/08/Matthew.jpg]
[nexa.law/lawyers/martin-wilson/index.html]
[nexa.law/lawyers/matthew-dunne/index.html]
[nexa.law/lawyers/matthew-ingle/index.html]
[nexa.law/wp-content/uploads/2024/08/Matthew_Ingle_profile.jpg]
[nexa.law/wp-content/uploads/2024/08/Melanie_Harrison_Profile.jpg]
[nexa.law/lawyers/melanie-harrison/index.html]
[nexa.law/wp-content/uploads/2024/08/michael.jpg]
[nexa.law/wp-content/uploads/2025/06/Michael_Hodge-Edit_profile_390x435.jpg]
[nexa.law/lawyers/michael-christopher/index.html]
[nexa.law/wp-content/uploads/2024/08/Michael-Keeling_profile.jpg]
[nexa.law/lawyers/michael-hodge/index.html]
[nexa.law/wp-content/uploads/2025/07/Muntech_Kaur-Edit_profile_390x435.jpg]
[nexa.law/lawyers/michael-keeling/index.html]
[nexa.law/wp-content/uploads/2024/04/Nadeem_Akhtar_profile.jpg]
[nexa.law/lawyers/muntech-kaur/index.html]
[nexa.law/lawyers/nadeem-akhtar/index.html]
[nexa.law/wp-content/uploads/2024/08/Natasha_Banjo-Edit_profile_390x435.jpg]
[nexa.law/wp-content/uploads/2025/10/Nicholas_Blomfield-Edit_profile_390x435.jpg]
[nexa.law/lawyers/natasha-banjo/index.html]
[nexa.law/wp-content/uploads/2024/08/nigel-bowen-website-photo.jpg]
[nexa.law/lawyers/nicholas-blomfield/index.html]
[nexa.law/wp-content/uploads/2024/11/Nikki_Harrison-Edit_profile_390x435.jpg]
[nexa.law/lawyers/nigel-bowen/index.html]
[nexa.law/lawyers/nikki-harrison/index.html]
[nexa.law/wp-content/uploads/2025/05/Patrick_Mulcahy-Edit_profile_390x435.jpg]
[nexa.law/wp-content/uploads/2025/04/Paul_Davies-Edit_profile_390x435.jpg]
[nexa.law/lawyers/patrick-mulcahy/index.html]
[nexa.law/lawyers/paul-davies/index.html]
[nexa.law/wp-content/uploads/2024/08/Paul-Dixon_profile.jpg]
[nexa.law/lawyers/paul-dixon/index.html]
[nexa.law/wp-content/uploads/2024/08/Paul_OFlyn-Edit_profile_390x435px.jpg]
[nexa.law/lawyers/paul-oflynn/index.html]
[nexa.law/wp-content/uploads/2025/08/Paula_Woodland-Edit_profile_390x435.jpg]
[nexa.law/lawyers/paula-woodland/index.html]
[nexa.law/wp-content/uploads/2024/08/Peter-McLean-Buechel_2022.jpg]
[nexa.law/lawyers/peter-mclean-buechel/index.html]
[nexa.law/wp-content/uploads/2025/03/Rachael_Cobb-Edit_profile_390x435.jpg]
[nexa.law/lawyers/rachael-cobb/index.html]
[nexa.law/wp-content/uploads/2024/08/Rachel_Garton_profile_390x435px.jpg]
[nexa.law/lawyers/rachel-garton/index.html]
[nexa.law/wp-content/uploads/2024/08/Rebecca_Cobbs_Profile.jpg]
[nexa.law/wp-content/uploads/2026/01/Rebecca_Shah-Edit_profile_390x435.jpg]
[nexa.law/lawyers/rebecca-cobbs/index.html]
[nexa.law/lawyers/rebecca-shah/index.html]
[nexa.law/wp-content/uploads/2025/07/Reena_Mistry-Edit_profile_390x435.jpg]
[nexa.law/lawyers/reena-mistry/index.html]
[nexa.law/wp-content/uploads/2026/03/Reshma_Sunnassee-Edit_profile_390x435.jpg]
[nexa.law/lawyers/reshma-sunnassee/index.html]
[nexa.law/wp-content/uploads/2024/08/Rina_Popat-Edit_profile_390x435px.jpg]
[nexa.law/wp-content/uploads/2024/08/Robert_McLean_profile_390x435px.jpg]
[nexa.law/lawyers/rina-popat/index.html]
[nexa.law/lawyers/rob-mclean/index.html]
[nexa.law/wp-content/uploads/2024/08/Sally_Leaman_profile_390x435px.jpg]
[nexa.law/lawyers/sally-leaman/index.html]
[nexa.law/wp-content/uploads/2024/08/Sam_George-Edit_profile_390x435px.jpg]
[nexa.law/lawyers/sam-george/index.html]
[nexa.law/wp-content/uploads/2024/08/Samantha-Downs-Team-photo.jpg]
[nexa.law/lawyers/samantha-downs/index.html]
[nexa.law/wp-content/uploads/2024/08/Samantha-Hinton-THUMBNAIL.jpg]
[nexa.law/lawyers/samantha-hinton/index.html]
[nexa.law/wp-content/uploads/2024/08/Samuel_Ogden-Edit_profile_390x435px.jpg]
[nexa.law/lawyers/samuel-ogden/index.html]
[nexa.law/wp-content/uploads/2024/08/Sandy_Edwards_profile_2.jpg]
[nexa.law/lawyers/sandy-edwards/index.html]
[nexa.law/wp-content/uploads/2024/08/Sarah_Bostock_Profile.jpg]
[nexa.law/lawyers/sarah-bostock/index.html]
[nexa.law/wp-content/uploads/2025/06/Sarah_Ellam-Edit_profile_390x435.jpg]
[nexa.law/lawyers/sarah-ellam/index.html]
[nexa.law/wp-content/uploads/2024/08/Simon-Ellis-390-x-435-NEW.jpg]
[nexa.law/lawyers/simon-ellis/index.html]
[nexa.law/wp-content/uploads/2024/08/Simon_Harrison_profile_390x435px.jpg]
[nexa.law/lawyers/simon-harrison/index.html]
[nexa.law/wp-content/uploads/2024/08/Simon_Newsham-Edit_profile_390x435.jpg]
[nexa.law/lawyers/simon-newsham/index.html]
[nexa.law/lawyers/simon-quantrill/index.html]
[nexa.law/wp-content/uploads/2025/01/Simon_Quantrill-Edit_profile_390x435.jpg]
[nexa.law/wp-content/uploads/2025/02/Simon_Robinson-Edit_profile_390x435.jpg]
[nexa.law/wp-content/uploads/2025/10/Stephanie_Alexander-Edit_profile_390x435-1.jpg]
[nexa.law/lawyers/simon-robinson/index.html]
[nexa.law/lawyers/stephanie-alexander-2/index.html]
[nexa.law/wp-content/uploads/2025/03/Stephen_Carr-Edit_profile_390x435.jpg]
[nexa.law/wp-content/uploads/2024/08/Stephen_Thomas-Edit_profile_390x435px.jpg]
[nexa.law/lawyers/stephen-carr/index.html]
[nexa.law/wp-content/uploads/2024/08/steven.jpg]
[nexa.law/lawyers/stephen-thomas/index.html]
[nexa.law/wp-content/uploads/2026/04/Stewart_Coles-Edit_profile_390x435.jpg]
[nexa.law/lawyers/steven-mather/index.html]
[nexa.law/wp-content/uploads/2024/11/Sushil_Gaikwad-Edit_profile_390x435.jpg]
[nexa.law/lawyers/stewart-coles/index.html]
[nexa.law/wp-content/uploads/2024/08/suzanne.jpg]
[nexa.law/lawyers/sushil-gaikwad/index.html]
[nexa.law/lawyers/suzanne-gulshan/index.html]
[nexa.law/wp-content/uploads/2025/06/Suzanne_McGoldrick-Edit_profile_390x435.jpg]
[nexa.law/lawyers/suzanne-mcgoldrick/index.html]
[nexa.law/wp-content/uploads/2024/08/Tabriz_Rashid-Edit_profile_390x435px.jpg]
[nexa.law/wp-content/uploads/2026/01/Talya_Morris-Edit_profile_390x435.jpg]
[nexa.law/lawyers/talya-morris/index.html]
[nexa.law/wp-content/uploads/2024/08/Tamasin_Curtis_Profile.jpg]
[nexa.law/lawyers/tamasin-curtis/index.html]
[nexa.law/lawyers/tabriz-rashid/index.html]
[nexa.law/wp-content/uploads/2025/06/Tasmyn_Lees-Edit_profile_390x435.jpg]
[nexa.law/lawyers/tamsyn-lees/index.html]
[nexa.law/wp-content/uploads/2025/12/Terese_Kingman-Edit_profile_390x435.jpg]
[nexa.law/lawyers/terese-kingman/index.html]
[nexa.law/wp-content/uploads/2024/08/Tony_Earl-Edit_profile_390x435px.jpg]
[nexa.law/wp-content/uploads/2025/09/Tracey_Emmot-Edit_profile_390x435.jpg]
[nexa.law/lawyers/tony-earl/index.html]
[nexa.law/wp-content/uploads/2025/11/Tracey_ODowyer-Edit_profile_390x435.jpg]
[nexa.law/lawyers/tracey-emmott/index.html]
[nexa.law/lawyers/tracey-odwyer/index.html]
[nexa.law/wp-content/uploads/2025/07/Vanessa_Gillbanks-Edit_profile_390x435.jpg]
[nexa.law/lawyers/vanessa-gillbanks/index.html]
[nexa.law/wp-content/uploads/2024/08/Vicky-Robertson-390-x-435.jpg]
[nexa.law/wp-content/uploads/2024/11/Victoria_Williams-Edit_profile_390x435.jpg]
[nexa.law/lawyers/vicky-robertson/index.html]
[nexa.law/lawyers/victoria-williams/index.html]
[nexa.law/wp-content/uploads/2025/10/Wendy_Hewstone-Edit_profile_390x435.jpg]
[nexa.law/lawyers/wendy-hewstone/index.html]
[nexa.law/wp-content/uploads/2024/08/Wesley_Emms-Edit_profile_390x435px.jpg]
[nexa.law/lawyers/wesley-emms/index.html]
[nexa.law/wp-content/uploads/2024/08/Nexa-8002953-edited.jpg]
[nexa.law/wp-content/uploads/2024/11/Zagam_Hayat-Edit_profile_390x435.jpg]
[nexa.law/lawyers/yasmine-lupin/index.html]
[nexa.law/wp-content/uploads/2024/08/Zaheer_Bashir_profile.jpg]
[nexa.law/lawyers/zagam-hayat/index.html]
[nexa.law/lawyers/zaheer-bashir/index.html]
[nexa.law/wp-content/uploads/2024/08/Zahrah_Aullybocus-Edit-profile_390x435px.jpg]
[nexa.law/wp-content/uploads/2024/08/A-man-placeholder-269x300-1.png]
[nexa.law/lawyers/zahrah-aullybocus/index.html]
[nexa.law/cdn-cgi/scripts/5c5dd728/cloudflare-static/email-decode.min.js]
[nexa.law/our-lawyers/index.html]
[nexa.law/lawyers/asad-mahmood/index.html]
[nexa.law/lawyers/alistair-crellin/index.html]
[nexa.law/lawyers/christopher-roper/index.html]
[nexa.law/wp-json/oembed/1.0/embedc58e.json]
[nexa.law/lawyers/jamal-khalil/index.html]
[nexa.law/lawyers/graeme-semon/index.html]
[nexa.law/lawyers/james-devane/index.html]
[nexa.law/wp-json/oembed/1.0/embed79ff]
[nexa.law/lawyers/nassar-khalil/index.html]
[nexa.law/wp-content/themes/nexalaw/src/css/additional561c.css]
[nexa.law/lawyers/wajahat-haider/index.html]
[nexa.law/wp-json/wp/v2/pages/39.json]
[nexa.law/wp-content/uploads/2024/10/AdobeStock_620088163-scaled.webp]
[nexa.law/our-services/index.html]
[nexa.law/services/banking-finance/index.html]
[nexa.law/services/charity-third-sector-governance/index.html]
[nexa.law/services/commercial-law/index.html]
[nexa.law/wp-content/uploads/2025/12/Wordpress-blog-image-header.png]
[nexa.law/services/competition-regulatory/index.html]
[nexa.law/services/construction-civil-engineering-disputes/index.html]
[nexa.law/services/contentious-probate-services/index.html]
[nexa.law/wp-content/uploads/2025/11/Nexa-The-Lawyer-Top-200.png]
[nexa.law/services/court-of-protection/index.html]
[nexa.law/services/corporate/index.html]
[nexa.law/wp-content/uploads/2025/11/NEXA.jpg]
[nexa.law/services/data-protection-gdpr/index.html]
[nexa.law/wp-content/uploads/2025/10/Nexa-Socials-Oct-25.png]
[nexa.law/services/debt-recovery/index.html]
[nexa.law/services/disputes/index.html]
[nexa.law/wp-content/uploads/2025/08/AdobeStock_1582177476.jpg]
[nexa.law/services/employment-law/index.html]
[nexa.law/wp-content/uploads/2025/08/AdobeStock_865256508.jpg]
[nexa.law/services/environmental-social-and-governance-esg/index.html]
[nexa.law/services/family-business/index.html]
[nexa.law/wp-content/uploads/2025/06/AdobeStock_701560438.jpg]
[nexa.law/services/family-law/index.html]
[nexa.law/services/farming-rural-agriculture/index.html]
[nexa.law/services/flexible-retainers/index.html]
[nexa.law/wp-content/uploads/2024/08/family-3.jpg]
[nexa.law/services/food-beverage/index.html]
[nexa.law/services/franchise-law/index.html]
[nexa.law/services/general-counsel-services/index.html]
[nexa.law/wp-content/uploads/2025/07/AdobeStock_1539065348.jpg]
[nexa.law/services/healthcare-sector/index.html]
[nexa.law/services/immigration/index.html]
[nexa.law/wp-content/uploads/2025/06/AdobeStock_574183420.jpg]
[nexa.law/services/ip-protection/index.html]
[nexa.law/wp-content/uploads/2025/06/melinda-gimpel-NwtZgzThP-A-unsplash-1170x464-1.jpg]
[nexa.law/services/intellectual-property/index.html]
[nexa.law/nexa-insights/index.html]
[nexa.law/services/military-hearing-loss/index.html]
[nexa.law/services/military-justice/index.html]
[nexa.law/wp-json/oembed/1.0/embed3a94.json]
[nexa.law/services/military-under-settlement-claims/index.html]
[nexa.law/services/personal-injury-and-clinical-negligence/index.html]
[nexa.law/services/non-freezing-cold-injury-nfci-claims/index.html]
[nexa.law/services/private-client/index.html]
[nexa.law/services/privacy-as-a-service/index.html]
[nexa.law/wp-json/oembed/1.0/embedcea3]
[nexa.law/services/property/index.html]
[nexa.law/services/professional-negligence/index.html]
[nexa.law/wp-content/themes/nexalaw/src/css/additionalfc9f.css]
[nexa.law/services/restructuring-insolvency/index.html]
[nexa.law/services/tax-disputes/index.html]
[nexa.law/services/start-ups-scale-ups/index.html]
[nexa.law/wp-json/wp/v2/pages/54.json]
[nexa.law/services/technology/index.html]
[nexa.law/nexa-insights/page/2/index.html]
[nexa.law/nexa-raises-professional-indemnity-insurance-to-10-million/index.html]
[nexa.law/nexa-breaks-into-the-lawyer-top-200/index.html]
[nexa.law/christmas-child-arrangements-words-from-lawyer-muntech-kaur/index.html]
[nexa.law/unfair-dismissal-faqs/index.html]
[nexa.law/a-guide-to-making-a-medical-negligence-claim/index.html]
[nexa.law/when-does-a-contract-become-legally-binding/index.html]
[nexa.law/reporting-a-dissolved-company-that-is-still-trading/index.html]
[nexa.law/contact-us/index.html]
[nexa.law/pre-emptive-validation-orders-in-insolvency-proceedings/index.html]
[nexa.law/amendments-to-the-employment-rights-bill-banning-ndas-that-silence-victims-of-discrimination-and-harassment/index.html]
[cdn.jsdelivr.net/npm/swiper@11/swiper-bundle.min.css]
[nexa.law/what-can-you-do-if-your-ex-wont-let-you-take-your-child-abroad-for-a-summer-holiday/index.html]
[nexa.law/a-step-by-step-guide-to-acquiring-a-trademark/index.html]
[nexa.law/nexa-insights/page/3/index.html]
[nexa.law/can-i-be-made-redundant-due-to-ai/index.html]
[nexa.law/directors-personal-liability-in-costs-in-winding-up-proceedings/index.html]
[nexa.law/wp-json/oembed/1.0/embed547f.json]
[nexa.law/nexa-insights/page/23/index.html]
[nexa.law/can-you-beat-the-dividend-tax-rates-rise/feed/index.html]
[nexa.law/wp-json/oembed/1.0/embed87b3]
[nexa.law/wp-content/themes/nexalaw/src/css/additional7f53.css]
[nexa.law/wp-json/wp/v2/posts/6166.json]
[nexa.law/wp-content/themes/nexalaw/public/dist/assets/nexa_n_03.svg]
[nexa.law/wp-content/uploads/2025/10/blog-1024x1024.png]
[nexa.law/can-you-beat-the-dividend-tax-rates-rise/index.html]
[nexa.law/wp-content/uploads/2025/10/blog.png]
[nexa.law/wp-json/oembed/1.0/embed0e96.json]
[nexa.law/clarification-in-mcgann-v-eldonian-community-trust-ltd-ewhc-66-ch/feed/index.html]
[nexa.law/wp-json/oembed/1.0/embedc78a]
[nexa.law/wp-content/themes/nexalaw/src/css/additional3b6e.css]
[nexa.law/clarification-in-mcgann-v-eldonian-community-trust-ltd-ewhc-66-ch/index.html]
[nexa.law/wp-json/wp/v2/posts/6165.json]
[nexa.law/wp-json/oembed/1.0/embed6c2d.json]
[nexa.law/insolvency-litigation-funding-non-party-costs-judgment/feed/index.html]
[nexa.law/wp-json/oembed/1.0/embedfe73]
[nexa.law/wp-content/themes/nexalaw/src/css/additional2e9d.css]
[nexa.law/insolvency-litigation-funding-non-party-costs-judgment/index.html]
[nexa.law/wp-content/themes/nexalaw/public/dist/assets/nexa_type_01_white.svg]
[nexa.law/about-us/index.html]
[nexa.law/wp-json/wp/v2/posts/6153.json]
[nexa.law/wp-json/oembed/1.0/embed2a89.json]
[nexa.law/wp-json/oembed/1.0/embed3375]
[nexa.law/wp-content/themes/nexalaw/src/css/additional8d23.css]
[nexa.law/pricing-guide/index.html]
[nexa.law/wp-json/wp/v2/pages/5033.json]
[nexa.law/debt-recovery-price-list/index.html]
[nexa.law/employment-tribunals-price-list/index.html]
[nexa.law/wp-json/oembed/1.0/embed31c7.json]
[nexa.law/immigration-price-list/index.html]
[nexa.law/probate-price-list/index.html]
[nexa.law/residential-purchase-price-list/index.html]
[nexa.law/wp-json/oembed/1.0/embed821e]
[nexa.law/residential-remortgage-price-list/index.html]
[nexa.law/residential-sale-price-list/index.html]
[nexa.law/wp-content/themes/nexalaw/src/css/additional4350.css]
[nexa.law/wp-json/wp/v2/pages/5067.json]
[nexa.law/wp-content/uploads/2024/10/AdobeStock_170017456-1600x819.webp]
[nexa.law/wp-content/uploads/2025/11/Gavin_Snell-Edit_profile_390x435.jpg]
[nexa.law/wp-content/uploads/2024/10/Eliot_Hibbert_profile_390x435.jpg]
[nexa.law/wp-content/uploads/2025/11/Paul-Cook-390-x-435.jpg]
[nexa.law/wp-content/uploads/2024/10/John_3.jpg]
[nexa.law/wp-content/uploads/2025/11/Victoria_Hibbert-Edit_profile_390x435.jpg]
[nexa.law/wp-content/uploads/2025/11/Trevor_Richards-Edit_profile_390x435.jpg]
[nexa.law/wp-content/uploads/2025/11/David_Richards-Edit_profile_390x435.jpg]
[nexa.law/wp-content/uploads/2024/10/Shaunagh_Rogers-Edit_profile_390x435.jpg]
[nexa.law/leadership-team/index.html]
[nexa.law/wp-json/oembed/1.0/embeda379.json]
[nexa.law/wp-json/oembed/1.0/embedb1c4]
[nexa.law/wp-content/themes/nexalaw/src/css/additional6514.css]
[nexa.law/wp-json/wp/v2/pages/5968.json]
[nexa.law/wp-content/uploads/2025/02/AdobeStock_970101515.jpg]
[nexa.law/wp-content/uploads/2025/10/AdobeStock_1581586894.jpeg]
[nexa.law/work-at-nexa/index.html]
[nexa.law/wp-json/oembed/1.0/embeda308.json]
[nexa.law/work-at-nexa/compliance-executive/index.html]
[nexa.law/wp-json/oembed/1.0/embed96d8]
[nexa.law/wp-content/themes/nexalaw/src/css/additional7c4d.css]
[nexa.law/wp-json/wp/v2/pages/6072.json]
[nexa.law/wp-content/uploads/2026/01/support_team_hero_desktop-1-1024x684.webp]
[nexa.law/wp-content/uploads/2026/01/image_operations_2x.webp]
[nexa.law/wp-content/uploads/2026/01/image_operations_mobile_2x.webp]
[nexa.law/wp-content/uploads/2026/01/image_compliance_2x.webp]
[nexa.law/wp-content/uploads/2026/01/image_compliance_mobile_2x.webp]
[nexa.law/wp-content/uploads/2026/01/image_finance_2x.webp]
[nexa.law/wp-content/uploads/2026/01/image_finance_mobile_2x.webp]
[nexa.law/wp-content/uploads/2026/01/image_onboarding_nexa_helpdesk_2x.webp]
[nexa.law/wp-content/uploads/2026/01/image_onboarding_nexa_helpdesk_mobile_2x.webp]
[nexa.law/wp-content/uploads/2026/01/image_paralegal_2x.webp]
[nexa.law/wp-content/uploads/2026/01/image_paralegal_mobile_2x.webp]
[nexa.law/support-team/index.html]
[nexa.law/wp-json/oembed/1.0/embed9f62.json]
[nexa.law/wp-json/oembed/1.0/embed9d5e]
[nexa.law/wp-content/themes/nexalaw/src/css/additionala410.css]
[nexa.law/wp-json/wp/v2/pages/5035.json]
[nexa.law/schedule-a-call/index.html]
[nexa.law/wp-json/oembed/1.0/embedc6cc.json]
[nexa.law/wp-json/oembed/1.0/embedbd45]
[nexa.law/wp-content/themes/nexalaw/src/css/additional24a1.css]
[nexa.law/interest-paid-to-clients-policy/index.html]
[nexa.law/wp-json/wp/v2/pages/5057.json]
[nexa.law/wp-json/oembed/1.0/embedcd9f.json]
[nexa.law/wp-json/oembed/1.0/embed2862]
[nexa.law/wp-content/themes/nexalaw/src/css/additional36a1.css]
[nexa.law/cookies-policy/index.html]
[nexa.law/wp-json/wp/v2/pages/5059.json]
[nexa.law/wp-json/oembed/1.0/embed41c6.json]
[nexa.law/wp-json/oembed/1.0/embed4e0c]
[nexa.law/wp-content/themes/nexalaw/src/css/additional003e.css]
[nexa.law/digital-privacy-policy/index.html]
[nexa.law/wp-json/wp/v2/pages/5061.json]
[nexa.law/wp-json/oembed/1.0/embed2fe5.json]
[nexa.law/wp-json/oembed/1.0/embedc946]
[nexa.law/privacy-policy/index.html]
[nexa.law/wp-json/wp/v2/pages/5063.json]
[nexa.law/wp-json/oembed/1.0/embed3756.json]
[nexa.law/wp-json/oembed/1.0/embede392]
[nexa.law/wp-content/themes/nexalaw/src/css/additionalbc4b.css]
[nexa.law/complaints-handling-policy/index.html]
[p.typekit.net/p72cb.css]
[nexa.law/wp-json/wp/v2/pages/5036.json]
[nexa.law/wp-content/themes/nexalaw/public/dist/assets/x_texture_1.svg]
[nexa.law/wp-content/themes/nexalaw/src/css/additional4269.css]
[nexa.law/indexc47d.html]
[nexa.law/wp-content/themes/nexalaw/src/css/additional6ebe.css]
[nexa.law/indexcbb6.html]
[nexa.law/wp-json/oembed/1.0/embed2b6b.json]
[nexa.law/lawyers/abby-minns/feed/index.html]
[nexa.law/wp-json/oembed/1.0/embedb6fd]
[nexa.law/wp-content/themes/nexalaw/src/css/additionalccce.css]
[nexa.law/wp-json/wp/v2/lawyer/420.json]
[nexa.law/wp-content/uploads/2020/06/abby-thumb.jpg]
[nexa.law/lawyers/abby-minns/index.html]
[nexa.law/cdn-cgi/l/email-protection.html]
[nexa.law/meet-abby-minns-our-new-ip-rights-litigation-lawyer/index.html]
[nexa.law/lawyers/adrian-hansford/feed/index.html]
[nexa.law/wp-json/oembed/1.0/embed4aa4.json]
[nexa.law/wp-json/oembed/1.0/embedc5d5]
[nexa.law/wp-content/themes/nexalaw/src/css/additional7a32.css]
[nexa.law/wp-json/wp/v2/lawyer/340.json]
[nexa.law/wp-content/uploads/2021/06/Adrian_Hansford_Thumb.jpg]
[nexa.law/lawyers/adrian-hansford/index.html]
[nexa.law/wp-json/oembed/1.0/embed3746.json]
[nexa.law/property-lawyer-adrian-hansford-joins-nexa-law/index.html]
[nexa.law/wp-json/oembed/1.0/embed66a8]
[nexa.law/wp-content/themes/nexalaw/src/css/additionalc4c9.css]
[nexa.law/lawyers/agnes-gay/index.html]
[nexa.law/wp-json/wp/v2/lawyer/5662.json]
[nexa.law/wp-json/oembed/1.0/embeda057.json]
[nexa.law/wp-json/oembed/1.0/embedbd83]
[nexa.law/wp-content/themes/nexalaw/src/css/additionalbef4.css]
[nexa.law/lawyers/ailsa-fairchild/index.html]
[nexa.law/wp-json/oembed/1.0/embedbcaf.json]
[nexa.law/lawyers/alex-keenan/feed/index.html]
[nexa.law/wp-json/wp/v2/lawyer/6157.json]
[nexa.law/wp-json/oembed/1.0/embed0269]
[nexa.law/wp-content/themes/nexalaw/src/css/additional7722.css]
[nexa.law/wp-json/wp/v2/lawyer/369.json]
[nexa.law/wp-content/uploads/2021/12/Alex_Keenan_Thumb.jpg]
[nexa.law/lawyers/alex-keenan/index.html]
[nexa.law/wp-json/oembed/1.0/embed8a82.json]
[nexa.law/meet-alex-keenan-an-expert-in-all-private-client-agricultural-law/index.html]
[nexa.law/wp-json/oembed/1.0/embedb789]
[nexa.law/wp-content/themes/nexalaw/src/css/additional40e7.css]
[nexa.law/lawyers/alexander-wright/index.html]
[nexa.law/wp-json/wp/v2/lawyer/6183.json]
[nexa.law/wp-json/oembed/1.0/embedba86.json]
[nexa.law/wp-json/oembed/1.0/embed3e7c]
[nexa.law/wp-content/themes/nexalaw/src/css/additional3a2d.css]
[nexa.law/lawyers/alexandra-dean/index.html]
[nexa.law/wp-json/wp/v2/lawyer/5990.json]
[nexa.law/wp-json/oembed/1.0/embed3b4f.json]
[nexa.law/lawyers/alistair-haggerty/feed/index.html]
[nexa.law/wp-json/oembed/1.0/embedbad7]
[nexa.law/wp-content/themes/nexalaw/src/css/additionalfa28.css]
[nexa.law/lawyers/alistair-haggerty/index.html]
[nexa.law/wp-json/wp/v2/lawyer/338.json]
[nexa.law/wp-json/oembed/1.0/embedc1c5.json]
[nexa.law/lawyers/amaar-faaruq/feed/index.html]
[nexa.law/wp-json/oembed/1.0/embed3a3c]
[nexa.law/wp-content/themes/nexalaw/src/css/additional2723.css]
[nexa.law/lawyers/amaar-faaruq/index.html]
[nexa.law/wp-json/wp/v2/lawyer/318.json]
[nexa.law/wp-json/oembed/1.0/embeddaa9.json]
[nexa.law/lawyers/amardeep-nangla/feed/index.html]
[nexa.law/wp-json/oembed/1.0/embedd656]
[nexa.law/wp-content/themes/nexalaw/src/css/additionalb2b9.css]
[nexa.law/wp-json/wp/v2/lawyer/422.json]
[nexa.law/wp-content/uploads/2021/06/Amardeep_Nangla_Thumb.jpg]
[nexa.law/lawyers/amardeep-nangla/index.html]
[nexa.law/wp-json/oembed/1.0/embed1e80.json]
[nexa.law/introducing-our-new-commercial-property-lawyer-amardeep-nangla/index.html]
[nexa.law/lawyers/amy-leite/feed/index.html]
[nexa.law/wp-json/oembed/1.0/embed7228]
[nexa.law/wp-content/themes/nexalaw/src/css/additional670a.css]
[nexa.law/wp-json/wp/v2/lawyer/385.json]
[nexa.law/wp-content/uploads/2020/03/amy-blog.jpg]
[nexa.law/wp-content/uploads/2020/03/amy-thumb.jpg]
[nexa.law/lawyers/amy-leite/index.html]
[nexa.law/meet-nexa-consultant-amy-leite/index.html]
[nexa.law/wp-json/oembed/1.0/embed8a9b.json]
[nexa.law/welcoming-amy-leite-to-nexa-law/index.html]
[nexa.law/lawyers/andrew-horrocks/feed/index.html]
[nexa.law/wp-json/oembed/1.0/embed0253]
[nexa.law/wp-content/themes/nexalaw/src/css/additional5b52.css]
[nexa.law/wp-json/wp/v2/lawyer/354.json]
[nexa.law/wp-content/uploads/2020/04/andrew2-thumb.jpg]
[nexa.law/lawyers/andrew-horrocks/index.html]
[nexa.law/wp-json/oembed/1.0/embed425e.json]
[nexa.law/andrew-horrocks-joins-nexa-law/index.html]
[nexa.law/wp-json/oembed/1.0/embedc850]
[nexa.law/wp-content/themes/nexalaw/src/css/additionalbcff.css]
[nexa.law/lawyers/andrew-king/index.html]
[nexa.law/wp-json/wp/v2/lawyer/5824.json]
[nexa.law/wp-json/oembed/1.0/embedc19a.json]
[nexa.law/lawyers/angelina-milon/feed/index.html]
[nexa.law/wp-json/oembed/1.0/embedb9ec]
[nexa.law/wp-json/wp/v2/lawyer/418.json]
[nexa.law/wp-content/uploads/2023/11/Angelina_Milon-edit_profile_390x435px-1.jpg]
[nexa.law/lawyers/angelina-milon/index.html]
[nexa.law/wp-json/oembed/1.0/embed13e4.json]
[nexa.law/nexa-welcomes-angelina-milon/index.html]
[nexa.law/lawyers/annest-smith/feed/index.html]
[nexa.law/wp-json/oembed/1.0/embed8e83]
[nexa.law/wp-content/themes/nexalaw/src/css/additional1ed8.css]
[nexa.law/wp-json/wp/v2/lawyer/460.json]
[nexa.law/wp-content/uploads/2021/04/Annest_Smith_Thumb.jpg]
[nexa.law/lawyers/annest-smith/index.html]
[nexa.law/meet-our-new-dispute-litigation-lawyer-annest-smith/index.html]
[nexa.law/wp-json/oembed/1.0/embedc146.json]
[nexa.law/lawyers/anushka-dosanjh/feed/index.html]
[nexa.law/wp-json/oembed/1.0/embedd82a]
[nexa.law/wp-content/themes/nexalaw/src/css/additionalf42b.css]
[nexa.law/wp-json/wp/v2/lawyer/300.json]
[nexa.law/wp-content/uploads/2020/03/anushka-thumb.jpg]
[nexa.law/lawyers/anushka-dosanjh/index.html]
[nexa.law/anushka-dosanjh-joins-nexa-law/index.html]
[nexa.law/wp-json/oembed/1.0/embed1936.json]
[nexa.law/wp-json/oembed/1.0/embed2c24]
[nexa.law/wp-content/themes/nexalaw/src/css/additional37e6.css]
[nexa.law/lawyers/arthur-fernandes/index.html]
[nexa.law/wp-json/wp/v2/lawyer/5387.json]
[nexa.law/wp-json/oembed/1.0/embedae5b.json]
[nexa.law/wp-json/oembed/1.0/embedb11a]
[nexa.law/lawyers/ayla-karmali/index.html]
[nexa.law/wp-json/wp/v2/lawyer/5989.json]
[nexa.law/wp-json/oembed/1.0/embedabac.json]
[nexa.law/lawyers/badar-zaman/feed/index.html]
[nexa.law/wp-json/oembed/1.0/embed1f2d]
[nexa.law/wp-content/themes/nexalaw/src/css/additional1f89.css]
[nexa.law/wp-json/wp/v2/lawyer/493.json]
[nexa.law/wp-content/uploads/2021/06/Badar_Zaman_Thumb.jpg]
[nexa.law/lawyers/badar-zaman/index.html]
[nexa.law/wp-json/oembed/1.0/embed6ab6.json]
[nexa.law/lawyers/belle-ghaleb/feed/index.html]
[nexa.law/introducing-badar-zaman-to-nexa-law/index.html]
[nexa.law/wp-json/oembed/1.0/embed5126]
[nexa.law/wp-content/themes/nexalaw/src/css/additional205e.css]
[nexa.law/lawyers/belle-ghaleb/index.html]
[nexa.law/wp-json/wp/v2/lawyer/324.json]
[nexa.law/wp-json/oembed/1.0/embed6a9b.json]
[nexa.law/lawyers/ben-walmsley/feed/index.html]
[nexa.law/wp-json/oembed/1.0/embed2a66]
[nexa.law/wp-content/themes/nexalaw/src/css/additionalfdd7.css]
[nexa.law/wp-json/wp/v2/lawyer/475.json]
[nexa.law/wp-content/uploads/2022/11/ben-blog.jpg]
[nexa.law/lawyers/ben-walmsley/index.html]
[nexa.law/wp-json/oembed/1.0/embed0621.json]
[nexa.law/life-at-nexa-ben-walmsley/index.html]
[nexa.law/lawyers/brigit-hanwell/feed/index.html]
[nexa.law/wp-json/oembed/1.0/embed8a9a]
[nexa.law/wp-json/wp/v2/lawyer/342.json]
[nexa.law/wp-content/uploads/2020/03/brigit-thumb.jpg]
[nexa.law/lawyers/brigit-hanwell/index.html]
[nexa.law/welcoming-brigit-hanwell-to-the-nexa-law-team/index.html]
[nexa.law/wp-json/oembed/1.0/embedee41.json]
[nexa.law/lawyers/caroline-gumbrell/feed/index.html]
[nexa.law/wp-json/oembed/1.0/embed2efe]
[nexa.law/wp-content/themes/nexalaw/src/css/additionalb9b4.css]
[nexa.law/lawyers/caroline-gumbrell/index.html]
[nexa.law/wp-json/wp/v2/lawyer/336.json]
[nexa.law/wp-json/oembed/1.0/embedfc96.json]
[nexa.law/lawyers/catherine-oh/feed/index.html]
[nexa.law/wp-json/oembed/1.0/embed12fc]
[nexa.law/lawyers/catherine-oh/index.html]
[nexa.law/wp-json/wp/v2/lawyer/5087.json]
[nexa.law/wp-json/oembed/1.0/embed87b0.json]
[nexa.law/lawyers/catrina-newman/feed/index.html]
[nexa.law/wp-json/oembed/1.0/embed1928]
[nexa.law/wp-content/themes/nexalaw/src/css/additionald275.css]
[nexa.law/lawyers/catrina-newman/index.html]
[nexa.law/wp-json/wp/v2/lawyer/424.json]
[nexa.law/wp-json/oembed/1.0/embedbe9d.json]
[nexa.law/lawyers/chantal-thomas/feed/index.html]
[nexa.law/wp-json/oembed/1.0/embed2499]
[nexa.law/wp-content/themes/nexalaw/src/css/additionale134.css]
[nexa.law/wp-json/wp/v2/lawyer/465.json]
[nexa.law/wp-content/uploads/2023/03/Chantal_Thomas_profile_390x435px.jpg]
[nexa.law/lawyers/chantal-thomas/index.html]
[nexa.law/introducing-chantal-thomas-to-nexa/index.html]
[nexa.law/wp-json/oembed/1.0/embed8389.json]
[nexa.law/wp-json/oembed/1.0/embed81d3]
[nexa.law/lawyers/charles-ivuerah/index.html]
[nexa.law/wp-json/wp/v2/lawyer/5349.json]
[nexa.law/wp-json/oembed/1.0/embed18f1.json]
[nexa.law/wp-json/oembed/1.0/embedc286]
[nexa.law/wp-content/themes/nexalaw/src/css/additional803a.css]
[nexa.law/lawyers/charlotte-read/index.html]
[nexa.law/wp-json/wp/v2/lawyer/6125.json]
[nexa.law/wp-json/oembed/1.0/embed45b1.json]
[nexa.law/lawyers/chrissie-wolfe/feed/index.html]
[nexa.law/wp-json/oembed/1.0/embed2482]
[nexa.law/wp-content/themes/nexalaw/src/css/additional5605.css]
[nexa.law/lawyers/chrissie-wolfe/index.html]
[nexa.law/wp-json/wp/v2/lawyer/489.json]
[nexa.law/wp-json/oembed/1.0/embed99d5.json]
[nexa.law/wp-json/oembed/1.0/embed7917]
[nexa.law/wp-content/themes/nexalaw/src/css/additional1e30.css]
[nexa.law/lawyers/christopher-porter/index.html]
[nexa.law/wp-json/wp/v2/lawyer/6126.json]
[nexa.law/wp-json/oembed/1.0/embed22dd.json]
[nexa.law/lawyers/daniel-jenkins/feed/index.html]
[nexa.law/wp-json/oembed/1.0/embeda75c]
[nexa.law/wp-json/wp/v2/lawyer/364.json]
[nexa.law/wp-content/uploads/2019/10/daniel-thumb.jpg]
[nexa.law/lawyers/daniel-jenkins/index.html]
[nexa.law/welcoming-daniel-jenkins-to-nexa-law/index.html]
[nexa.law/wp-json/oembed/1.0/embedadf0.json]
[nexa.law/lawyers/daniel-wong/feed/index.html]
[nexa.law/wp-json/oembed/1.0/embed8342]
[nexa.law/wp-content/themes/nexalaw/src/css/additional24d4.css]
[nexa.law/lawyers/daniel-wong/index.html]
[nexa.law/wp-json/wp/v2/lawyer/491.json]
[nexa.law/wp-json/oembed/1.0/embeddbc3.json]
[nexa.law/wp-json/oembed/1.0/embed8ab6]
[nexa.law/wp-content/themes/nexalaw/src/css/additionalf676.css]
[nexa.law/wp-json/wp/v2/lawyer/5324.json]
[nexa.law/wp-content/uploads/2021/01/David_Roth_Thumb.jpg]
[nexa.law/lawyers/david-roth/index.html]
[nexa.law/introducing-david-roth-to-nexa-law/index.html]
[nexa.law/wp-json/oembed/1.0/embeddcd0.json]
[nexa.law/lawyers/david-turner/feed/index.html]
[nexa.law/wp-json/oembed/1.0/embed4ef7]
[nexa.law/lawyers/david-turner/index.html]
[nexa.law/wp-json/wp/v2/lawyer/473.json]
[nexa.law/lawyers/diane-slater/feed/index.html]
[nexa.law/wp-json/oembed/1.0/embed9164.json]
[nexa.law/wp-json/oembed/1.0/embed2111]
[nexa.law/wp-content/themes/nexalaw/src/css/additionalf0be.css]
[nexa.law/lawyers/diane-slater/index.html]
[nexa.law/wp-json/wp/v2/lawyer/5135.json]
[nexa.law/lawyers/donna-taylor/feed/index.html]
[nexa.law/wp-json/oembed/1.0/embed475b.json]
[nexa.law/wp-json/oembed/1.0/embed4071]
[nexa.law/wp-content/themes/nexalaw/src/css/additional15cb.css]
[nexa.law/wp-json/wp/v2/lawyer/463.json]
[nexa.law/wp-content/uploads/2021/02/Donna_Taylor-_Thumb.jpg]
[nexa.law/lawyers/donna-taylor/index.html]
[nexa.law/wp-json/oembed/1.0/embeded03.json]
[nexa.law/welcoming-donna-taylor-our-new-private-client-lawyer/index.html]
[nexa.law/wp-json/oembed/1.0/embed0a94]
[nexa.law/lawyers/doug-frame/index.html]
[nexa.law/wp-json/wp/v2/lawyer/6011.json]
[nexa.law/wp-json/oembed/1.0/embedb5d4]
[nexa.law/wp-json/wp/v2/lawyer/332.json]
[nexa.law/wp-content/uploads/2021/02/Eduardo_Grazioli_Thumb.jpg]
[nexa.law/lawyers/eduardo-grazioli/index.html]
[nexa.law/introducing-eduardo-grazioli-our-new-personal-injury-immigration-lawyer/index.html]
[nexa.law/wp-json/oembed/1.0/embed4e2d.json]
[nexa.law/lawyers/elizabeth-matfin/feed/index.html]
[nexa.law/wp-json/oembed/1.0/embedbfd1]
[nexa.law/wp-json/wp/v2/lawyer/404.json]
[nexa.law/wp-content/uploads/2020/09/elizabeth-thumb.jpg]
[nexa.law/lawyers/elizabeth-matfin/index.html]
[nexa.law/wp-json/oembed/1.0/embed169a.json]
[nexa.law/welcoming-elizabeth-matfin-to-nexa-law/index.html]
[nexa.law/wp-json/oembed/1.0/embedbb4f]
[nexa.law/lawyers/ellen-parker/feed/index.html]
[nexa.law/wp-content/themes/nexalaw/src/css/additional3238.css]
[nexa.law/lawyers/ellen-parker/index.html]
[nexa.law/wp-json/wp/v2/lawyer/436.json]
[nexa.law/wp-json/oembed/1.0/embed7b90.json]
[nexa.law/lawyers/emma-bagshaw/feed/index.html]
[nexa.law/wp-json/oembed/1.0/embed905e]
[nexa.law/wp-json/wp/v2/lawyer/265.json]
[nexa.law/wp-content/uploads/2023/06/Emma_Bagshaw_profile_390x435px.jpg]
[nexa.law/lawyers/emma-bagshaw/index.html]
[nexa.law/introducing-emma-bagshaw-to-nexa/index.html]
[nexa.law/wp-json/oembed/1.0/embed7533.json]
[nexa.law/lawyers/emma-pole/feed/index.html]
[nexa.law/wp-json/oembed/1.0/embed7e8c]
[nexa.law/wp-content/themes/nexalaw/src/css/additionala216.css]
[nexa.law/lawyers/emma-pole/index.html]
[nexa.law/wp-json/wp/v2/lawyer/8.json]
[nexa.law/wp-json/oembed/1.0/embed64cc.json]
[nexa.law/lawyers/emma-rowe/feed/index.html]
[nexa.law/wp-json/oembed/1.0/embede8d3]
[nexa.law/wp-json/wp/v2/lawyer/451.json]
[nexa.law/wp-content/uploads/2022/10/Emma_Rowe_thumb_655x300px.jpg]
[nexa.law/lawyers/emma-rowe/index.html]
[nexa.law/welcoming-emma-rowe-to-nexa/index.html]
[nexa.law/wp-json/oembed/1.0/embed585f.json]
[nexa.law/wp-json/oembed/1.0/embed1fbb]
[nexa.law/wp-content/themes/nexalaw/src/css/additionalb918.css]
[nexa.law/lawyers/emma-trick/index.html]
[nexa.law/wp-json/wp/v2/lawyer/5951.json]
[nexa.law/wp-json/oembed/1.0/embed89a1.json]
[nexa.law/lawyers/emma-warner-reed/feed/index.html]
[nexa.law/wp-json/oembed/1.0/embed7564]
[nexa.law/wp-content/themes/nexalaw/src/css/additionalf0e2.css]
[nexa.law/lawyers/emma-warner-reed/index.html]
[nexa.law/wp-json/wp/v2/lawyer/479.json]
[nexa.law/wp-json/oembed/1.0/embedb6d7.json]
[nexa.law/wp-json/oembed/1.0/embed44ee]
[nexa.law/lawyers/erika-daniel/index.html]
[nexa.law/wp-json/wp/v2/lawyer/5851.json]
[nexa.law/wp-json/oembed/1.0/embed7648.json]
[nexa.law/lawyers/femi-ogunshakin/feed/index.html]
[nexa.law/wp-json/oembed/1.0/embedce92]
[nexa.law/wp-content/themes/nexalaw/src/css/additional4e75.css]
[nexa.law/wp-json/wp/v2/lawyer/432.json]
[nexa.law/wp-content/uploads/2025/06/melinda-gimpel-NwtZgzThP-A-unsplash-1170x464-1-1024x406.jpg]
[nexa.law/lawyers/femi-ogunshakin/index.html]
[nexa.law/wp-json/oembed/1.0/embed832c.json]
[nexa.law/time-to-pay-new-vat-late-payment-penalties/index.html]
[nexa.law/wp-json/oembed/1.0/embed56b1]
[nexa.law/lawyers/ffion-thomson/feed/index.html]
[nexa.law/wp-content/themes/nexalaw/src/css/additional4ae3.css]
[nexa.law/lawyers/ffion-thomson/index.html]
[nexa.law/wp-json/wp/v2/lawyer/5150.json]
[nexa.law/wp-json/oembed/1.0/embed1f30.json]
[nexa.law/lawyers/fraser-mcgee/feed/index.html]
[nexa.law/wp-json/oembed/1.0/embed0bb7]
[nexa.law/wp-json/wp/v2/lawyer/410.json]
[nexa.law/wp-content/uploads/2020/10/fraser-thumb.jpg]
[nexa.law/lawyers/fraser-mcgee/index.html]
[nexa.law/wp-json/oembed/1.0/embed149a.json]
[nexa.law/welcoming-fraser-mcgee-to-nexa-law/index.html]
[nexa.law/lawyers/gary-austin/feed/index.html]
[nexa.law/wp-json/oembed/1.0/embedaf1d]
[nexa.law/wp-content/themes/nexalaw/src/css/additional5b38.css]
[nexa.law/wp-json/wp/v2/lawyer/263.json]
[nexa.law/introducing-gary-austin-to-nexa/index.html]
[nexa.law/wp-content/uploads/2023/09/Gary_Austin-Edit_profile_390x435px-1.jpg]
[nexa.law/lawyers/gary-austin/index.html]
[nexa.law/wp-json/oembed/1.0/embed8771.json]
[nexa.law/wp-json/oembed/1.0/embed1af6]
[nexa.law/lawyers/gayle-defries/index.html]
[nexa.law/wp-json/wp/v2/lawyer/5311.json]
[nexa.law/wp-json/oembed/1.0/embed4e06.json]
[nexa.law/lawyers/georgina-kyriacou/feed/index.html]
[nexa.law/wp-json/oembed/1.0/embed643f]
[nexa.law/wp-content/themes/nexalaw/src/css/additional3e9d.css]
[nexa.law/lawyers/georgina-kyriacou/index.html]
[nexa.law/wp-json/wp/v2/lawyer/379.json]
[nexa.law/wp-json/oembed/1.0/embed1a63.json]
[nexa.law/lawyers/gurch-kharay/feed/index.html]
[nexa.law/wp-json/oembed/1.0/embed79f1]
[nexa.law/lawyers/gurch-kharay/index.html]
[nexa.law/wp-json/wp/v2/lawyer/373.json]
[nexa.law/wp-json/oembed/1.0/embed7a5b.json]
[nexa.law/lawyers/hannah-howe/feed/index.html]
[nexa.law/wp-json/oembed/1.0/embedc052]
[nexa.law/wp-content/themes/nexalaw/src/css/additional696a.css]
[nexa.law/lawyers/hannah-howe/index.html]
[nexa.law/wp-json/wp/v2/lawyer/356.json]
[nexa.law/wp-json/oembed/1.0/embed54f6.json]
[nexa.law/wp-json/oembed/1.0/embed9656]
[nexa.law/lawyers/hannah-stockham/index.html]
[nexa.law/wp-json/wp/v2/lawyer/5757.json]
[nexa.law/wp-json/oembed/1.0/embed3227.json]
[nexa.law/lawyers/harpreet-talwar/feed/index.html]
[nexa.law/wp-json/oembed/1.0/embed226c]
[nexa.law/wp-content/themes/nexalaw/src/css/additional136e.css]
[nexa.law/lawyers/harpreet-talwar/index.html]
[nexa.law/wp-json/wp/v2/lawyer/5140.json]
[nexa.law/wp-json/oembed/1.0/embed7df4.json]
[nexa.law/lawyers/henry-clarke/feed/index.html]
[nexa.law/wp-json/oembed/1.0/embed2a7d]
[nexa.law/wp-json/wp/v2/lawyer/287.json]
[nexa.law/wp-content/uploads/2020/06/henry-thumb-2.jpg]
[nexa.law/lawyers/henry-clarke/index.html]
[nexa.law/welcoming-henry-clarke-to-nexa-law/index.html]
[nexa.law/wp-json/oembed/1.0/embed0d27.json]
[nexa.law/wp-json/oembed/1.0/embed342e]
[nexa.law/wp-content/themes/nexalaw/src/css/additional94c3.css]
[nexa.law/lawyers/ian-mason/index.html]
[nexa.law/wp-json/wp/v2/lawyer/5649.json]
[nexa.law/wp-json/oembed/1.0/embedc1af.json]
[nexa.law/lawyers/ilesh-chandarana/feed/index.html]
[nexa.law/wp-json/oembed/1.0/embed9805]
[nexa.law/wp-content/themes/nexalaw/src/css/additional034d.css]
[nexa.law/wp-json/wp/v2/lawyer/281.json]
[nexa.law/wp-content/uploads/2019/06/Ilesh-thumb.jpg]
[nexa.law/lawyers/ilesh-chandarana/index.html]
[nexa.law/wp-json/oembed/1.0/embedc968.json]
[nexa.law/ilesh-joins-nexa-law/index.html]
[nexa.law/lawyers/jack-marriott/feed/index.html]
[nexa.law/wp-json/oembed/1.0/embed302a]
[nexa.law/wp-json/wp/v2/lawyer/402.json]
[nexa.law/wp-content/uploads/2020/07/jack-thumb.jpg]
[nexa.law/lawyers/jack-marriott/index.html]
[nexa.law/welcoming-jack-marriott-to-nexa-law/index.html]
[nexa.law/wp-json/oembed/1.0/embed5660.json]
[nexa.law/wp-json/oembed/1.0/embed6859]
[nexa.law/wp-content/themes/nexalaw/src/css/additionale420.css]
[nexa.law/wp-json/wp/v2/lawyer/6155.json]
[nexa.law/wp-content/uploads/2026/02/Matthew_Cox-2-Edit_profile_390x435.jpg]
[nexa.law/lawyers/jacqueline-white/index.html]
[nexa.law/wp-json/oembed/1.0/embed57e1.json]
[nexa.law/lawyers/jagdeep-kitaure/feed/index.html]
[nexa.law/wp-json/oembed/1.0/embedbbc5]
[nexa.law/wp-content/themes/nexalaw/src/css/additional2d20.css]
[nexa.law/lawyers/jagdeep-kitaure/index.html]
[nexa.law/wp-json/wp/v2/lawyer/377.json]
[nexa.law/wp-json/oembed/1.0/embed8fb0.json]
[nexa.law/lawyers/james-winfield/feed/index.html]
[nexa.law/wp-json/oembed/1.0/embedc4dc]
[nexa.law/wp-content/themes/nexalaw/src/css/additional63a1.css]
[nexa.law/lawyers/james-winfield/index.html]
[nexa.law/wp-json/wp/v2/lawyer/487.json]
[nexa.law/lawyers/jane-gray/feed/index.html]
[nexa.law/wp-json/oembed/1.0/embed9ca2.json]
[nexa.law/wp-json/oembed/1.0/embedb24b]
[nexa.law/wp-content/themes/nexalaw/src/css/additional0944.css]
[nexa.law/wp-json/wp/v2/lawyer/330.json]
[nexa.law/wp-content/uploads/2020/03/jane-thumb.jpg]
[nexa.law/lawyers/jane-gray/index.html]
[nexa.law/wp-json/oembed/1.0/embed667f.json]
[nexa.law/lawyers/jane-pearsey/feed/index.html]
[nexa.law/welcoming-jane-gray-to-nexa-law/index.html]
[nexa.law/wp-json/oembed/1.0/embedbbd0]
[nexa.law/wp-content/themes/nexalaw/src/css/additionala0c0.css]
[nexa.law/wp-json/wp/v2/lawyer/440.json]
[nexa.law/wp-content/uploads/2023/04/Jane_Pearsey_profile_390x435px.jpg]
[nexa.law/lawyers/jane-pearsey/index.html]
[nexa.law/welcoming-jane-pearsey-to-nexa/index.html]
[nexa.law/wp-json/oembed/1.0/embed0897.json]
[nexa.law/wp-json/oembed/1.0/embeda1fb]
[nexa.law/wp-content/themes/nexalaw/src/css/additional8b35.css]
[nexa.law/lawyers/jat-patti/index.html]
[nexa.law/wp-json/wp/v2/lawyer/6050.json]
[nexa.law/wp-json/oembed/1.0/embed0b96.json]
[nexa.law/lawyers/jayne-atkinson/feed/index.html]
[nexa.law/wp-json/oembed/1.0/embedcb46]
[nexa.law/wp-content/themes/nexalaw/src/css/additional1558.css]
[nexa.law/lawyers/jayne-atkinson/index.html]
[nexa.law/wp-json/wp/v2/lawyer/259.json]
[nexa.law/wp-json/oembed/1.0/embed7461.json]
[nexa.law/lawyers/jennifer-andrews/feed/index.html]
[nexa.law/wp-json/oembed/1.0/embedc7fb]
[nexa.law/wp-json/wp/v2/lawyer/253.json]
[nexa.law/wp-content/uploads/2020/09/jennifer-thumb.jpg]
[nexa.law/lawyers/jennifer-andrews/index.html]
[nexa.law/wp-json/oembed/1.0/embed372f.json]
[nexa.law/welcoming-jennifer-andrews-to-nexa-law/index.html]
[nexa.law/wp-json/oembed/1.0/embed6f49]
[nexa.law/wp-content/themes/nexalaw/src/css/additionalab62.css]
[nexa.law/lawyers/joanna-robson/index.html]
[nexa.law/wp-json/wp/v2/lawyer/5950.json]
[nexa.law/wp-json/oembed/1.0/embeda3d7.json]
[nexa.law/lawyers/john-cato/feed/index.html]
[nexa.law/wp-json/oembed/1.0/embed7fb9]
[nexa.law/wp-json/wp/v2/lawyer/279.json]
[nexa.law/wp-content/uploads/2021/02/John_Cato_Thumb.jpg]
[nexa.law/lawyers/john-cato/index.html]
[nexa.law/wp-json/oembed/1.0/embeddd2b.json]
[nexa.law/welcoming-john-cato-to-our-team-at-nexa-law/index.html]
[nexa.law/lawyers/john-cook/feed/index.html]
[nexa.law/wp-json/oembed/1.0/embed6722]
[nexa.law/wp-content/themes/nexalaw/src/css/additional0cd9.css]
[nexa.law/lawyers/john-cook/index.html]
[nexa.law/wp-json/wp/v2/lawyer/5144.json]
[nexa.law/wp-json/oembed/1.0/embed021b.json]
[nexa.law/wp-json/oembed/1.0/embed1b08]
[nexa.law/wp-content/themes/nexalaw/src/css/additional1c60.css]
[nexa.law/lawyers/john-coulter/index.html]
[nexa.law/wp-json/wp/v2/lawyer/5398.json]
[nexa.law/wp-json/oembed/1.0/embed00f0.json]
[nexa.law/lawyers/john-mclean/feed/index.html]
[nexa.law/wp-json/oembed/1.0/embed8e38]
[nexa.law/wp-content/themes/nexalaw/src/css/additional9d72.css]
[nexa.law/wp-json/wp/v2/lawyer/412.json]
[nexa.law/wp-content/uploads/2021/10/John_McLean_Thumb.jpg]
[nexa.law/lawyers/john-mclean/index.html]
[nexa.law/wp-json/oembed/1.0/embed90df.json]
[nexa.law/john-mclean-joins-nexa-law/index.html]
[nexa.law/lawyers/jon-percy/feed/index.html]
[nexa.law/wp-json/oembed/1.0/embed6cf0]
[nexa.law/wp-content/themes/nexalaw/src/css/additionalf428.css]
[nexa.law/wp-json/wp/v2/lawyer/442.json]
[nexa.law/wp-content/uploads/2020/06/jon-thumb.jpg]
[nexa.law/lawyers/jon-percy/index.html]
[nexa.law/welcoming-jon-percy-our-new-corporate-lawyer/index.html]
[nexa.law/wp-json/oembed/1.0/embedc166.json]
[nexa.law/lawyers/jonathan-hodge/feed/index.html]
[nexa.law/wp-json/oembed/1.0/embedee35]
[nexa.law/wp-content/themes/nexalaw/src/css/additional1928.css]
[nexa.law/wp-json/wp/v2/lawyer/352.json]
[nexa.law/wp-content/uploads/2021/08/Jonathan_Hodge_Thumb.jpg]
[nexa.law/lawyers/jonathan-hodge/index.html]
[nexa.law/wp-json/oembed/1.0/embed07b5.json]
[nexa.law/meet-jonathan-hodge-an-expert-in-commercial-dispute-resolution-and-contract-law/index.html]
[nexa.law/lawyers/jonathan-jacobs/feed/index.html]
[nexa.law/wp-json/oembed/1.0/embed41dc]
[nexa.law/wp-content/themes/nexalaw/src/css/additionalfd7b.css]
[nexa.law/wp-json/wp/v2/lawyer/362.json]
[nexa.law/wp-content/uploads/2021/05/Jonathan_Jacobs_Thumb.jpg]
[nexa.law/lawyers/jonathan-jacobs/index.html]
[nexa.law/wp-json/oembed/1.0/embed7a43.json]
[nexa.law/meet-jonathan-jacobs-an-expert-in-the-healthcare-sector/index.html]
[nexa.law/lawyers/jonathan-sara/feed/index.html]
[nexa.law/wp-json/oembed/1.0/embedc54d]
[nexa.law/wp-content/themes/nexalaw/src/css/additional6bd4.css]
[nexa.law/wp-json/wp/v2/lawyer/457.json]
[nexa.law/wp-content/uploads/2020/12/Jonathan_Sara_Thumb.jpg]
[nexa.law/lawyers/jonathan-sara/index.html]
[nexa.law/wp-json/oembed/1.0/embedd675.json]
[nexa.law/jonathan-sara-joins-nexa-law/index.html]
[nexa.law/lawyers/jonathan-warner-reed/feed/index.html]
[nexa.law/wp-json/oembed/1.0/embedee95]
[nexa.law/wp-content/themes/nexalaw/src/css/additional3ed8.css]
[nexa.law/wp-json/wp/v2/lawyer/481.json]
[nexa.law/wp-content/uploads/2019/08/Jonathan-Warner-Reed.jpg]
[nexa.law/get-to-know-nexa-consultant-jonathan-warner-reed/index.html]
[nexa.law/wp-content/uploads/2019/08/Jonathan-Warner-Reed3.jpg]
[nexa.law/lawyers/jonathan-warner-reed/index.html]
[nexa.law/welcoming-jonathan-to-nexa-law/index.html]
[nexa.law/lawyers/jules-mortimer/feed/index.html]
[nexa.law/wp-json/oembed/1.0/embedf7af.json]
[nexa.law/wp-json/oembed/1.0/embed6f32]
[nexa.law/wp-content/themes/nexalaw/src/css/additional20be.css]
[nexa.law/lawyers/jules-mortimer/index.html]
[nexa.law/wp-json/wp/v2/lawyer/5131.json]
[nexa.law/wp-json/oembed/1.0/embed236a.json]
[nexa.law/lawyers/julia-hurren/feed/index.html]
[nexa.law/wp-json/oembed/1.0/embed66d1]
[nexa.law/wp-content/themes/nexalaw/src/css/additional587e.css]
[nexa.law/wp-json/wp/v2/lawyer/358.json]
[nexa.law/wp-content/uploads/2023/06/Julia_Hurren-Edit_profile_390x435px.jpg]
[nexa.law/lawyers/julia-hurren/index.html]
[nexa.law/wp-json/oembed/1.0/embed1fc2.json]
[nexa.law/welcoming-julia-hurren-to-nexa/index.html]
[nexa.law/lawyers/julie-trimble/feed/index.html]
[nexa.law/wp-json/oembed/1.0/embedd92f]
[nexa.law/wp-json/wp/v2/lawyer/471.json]
[nexa.law/wp-content/uploads/2022/01/Julie_Trimble_Thumb.jpg]
[nexa.law/lawyers/julie-trimble/index.html]
[nexa.law/welcoming-julie-trimble-to-nexa-law/index.html]
[nexa.law/wp-json/oembed/1.0/embed8a75.json]
[nexa.law/lawyers/karen-thompson/feed/index.html]
[nexa.law/wp-json/oembed/1.0/embedeecf]
[nexa.law/wp-content/themes/nexalaw/src/css/additional9a07.css]
[nexa.law/wp-json/wp/v2/lawyer/469.json]
[nexa.law/welcoming-karen-thompson-to-nexa-law/index.html]
[nexa.law/wp-content/uploads/2020/04/karen-thumb.jpg]
[nexa.law/lawyers/karen-thompson/index.html]
[nexa.law/wp-json/oembed/1.0/embedabd5.json]
[nexa.law/wp-json/oembed/1.0/embed1408]
[nexa.law/wp-content/themes/nexalaw/src/css/additionalc927.css]
[nexa.law/lawyers/kate-gibbs/index.html]
[nexa.law/wp-json/wp/v2/lawyer/5817.json]
[nexa.law/wp-json/oembed/1.0/embedcb42.json]
[nexa.law/wp-json/oembed/1.0/embed8995]
[nexa.law/wp-content/themes/nexalaw/src/css/additionala5e9.css]
[nexa.law/lawyers/kathlene-burke/index.html]
[nexa.law/wp-json/wp/v2/lawyer/6136.json]
[nexa.law/wp-json/oembed/1.0/embed2d38.json]
[nexa.law/lawyers/keeley-lawrence-hoyle/feed/index.html]
[nexa.law/wp-json/oembed/1.0/embedb76c]
[nexa.law/wp-content/themes/nexalaw/src/css/additional0d84.css]
[nexa.law/wp-json/wp/v2/lawyer/381.json]
[nexa.law/lawyers/keeley-lawrence-hoyle/index.html]
[nexa.law/lawyers/kevin-wilson/index.html]
[nexa.law/lawyers/kiran-dhaliwal/index.html]
[nexa.law/lawyers/kirsty-jones/index.html]
[nexa.law/lawyers/kirsty-porter/index.html]
[nexa.law/lawyers/kulraj-dassaur/index.html]
[nexa.law/lawyers/lawrence-lupin/index.html]
[nexa.law/lawyers/lee-chisman-russell/index.html]
[nexa.law/lawyers/lee-magner/index.html]
[nexa.law/lawyers/lily-malekyazdi/index.html]
[nexa.law/lawyers/lorna-lewis/index.html]
[nexa.law/lawyers/louise-sackey/index.html]
[nexa.law/lawyers/louise-stradling/index.html]
[nexa.law/lawyers/lucy-eldred/index.html]
[nexa.law/lawyers/manjinder-talwara/index.html]
[nexa.law/lawyers/marcia-lopes/index.html]
[nexa.law/lawyers/mark-coupe/index.html]
[nexa.law/lawyers/marshall-levine/index.html]
[nexa.law/lawyers/martin-wilson/index.html]
[nexa.law/lawyers/matthew-dunne/index.html]
[nexa.law/lawyers/matthew-ingle/index.html]
[nexa.law/lawyers/melanie-harrison/index.html]
[nexa.law/lawyers/michael-christopher/index.html]
[nexa.law/lawyers/michael-hodge/index.html]
[nexa.law/lawyers/michael-keeling/index.html]
[nexa.law/lawyers/muntech-kaur/index.html]
[nexa.law/lawyers/nadeem-akhtar/index.html]
[nexa.law/lawyers/natasha-banjo/index.html]
[nexa.law/lawyers/nicholas-blomfield/index.html]
[nexa.law/lawyers/nigel-bowen/index.html]
[nexa.law/lawyers/nikki-harrison/index.html]
[nexa.law/lawyers/patrick-mulcahy/index.html]
[nexa.law/lawyers/paul-davies/index.html]
[nexa.law/lawyers/paul-dixon/index.html]
[nexa.law/lawyers/paul-oflynn/index.html]
[nexa.law/lawyers/paula-woodland/index.html]
[nexa.law/lawyers/peter-mclean-buechel/index.html]
[nexa.law/lawyers/rachael-cobb/index.html]
[nexa.law/lawyers/rachel-garton/index.html]
[nexa.law/lawyers/rebecca-cobbs/index.html]
[nexa.law/lawyers/rebecca-shah/index.html]
[nexa.law/lawyers/reena-mistry/index.html]
[nexa.law/lawyers/reshma-sunnassee/index.html]
[nexa.law/lawyers/rina-popat/index.html]
[nexa.law/lawyers/rob-mclean/index.html]
[nexa.law/lawyers/sally-leaman/index.html]
[nexa.law/lawyers/sam-george/index.html]
[nexa.law/lawyers/samantha-downs/index.html]
[nexa.law/lawyers/samantha-hinton/index.html]
[nexa.law/lawyers/samuel-ogden/index.html]
[nexa.law/lawyers/sandy-edwards/index.html]
[nexa.law/lawyers/sarah-bostock/index.html]
[nexa.law/lawyers/sarah-ellam/index.html]
[nexa.law/lawyers/simon-ellis/index.html]
[nexa.law/lawyers/simon-harrison/index.html]
[nexa.law/lawyers/simon-newsham/index.html]
[nexa.law/lawyers/simon-quantrill/index.html]
[nexa.law/lawyers/simon-robinson/index.html]
[nexa.law/lawyers/stephanie-alexander-2/index.html]
[nexa.law/lawyers/stephen-carr/index.html]
[nexa.law/lawyers/stephen-thomas/index.html]
[nexa.law/lawyers/steven-mather/index.html]
[nexa.law/lawyers/stewart-coles/index.html]
[nexa.law/lawyers/sushil-gaikwad/index.html]
[nexa.law/lawyers/suzanne-gulshan/index.html]
[nexa.law/lawyers/suzanne-mcgoldrick/index.html]
[nexa.law/lawyers/tabriz-rashid/index.html]
[nexa.law/lawyers/talya-morris/index.html]
[nexa.law/lawyers/tamasin-curtis/index.html]
[nexa.law/lawyers/tamsyn-lees/index.html]
[nexa.law/lawyers/terese-kingman/index.html]
[nexa.law/lawyers/tony-earl/index.html]
[nexa.law/lawyers/tracey-emmott/index.html]
[nexa.law/lawyers/tracey-odwyer/index.html]
[nexa.law/lawyers/vanessa-gillbanks/index.html]
[nexa.law/lawyers/vicky-robertson/index.html]
[nexa.law/lawyers/victoria-williams/index.html]
[nexa.law/lawyers/wendy-hewstone/index.html]
[nexa.law/lawyers/wesley-emms/index.html]
[nexa.law/lawyers/yasmine-lupin/index.html]
[nexa.law/lawyers/zagam-hayat/index.html]
[nexa.law/lawyers/zaheer-bashir/index.html]
[nexa.law/lawyers/zahrah-aullybocus/index.html]
[nexa.law/lawyers/alistair-crellin/index.html]
[nexa.law/lawyers/asad-mahmood/index.html]
[nexa.law/lawyers/christopher-roper/index.html]
[nexa.law/lawyers/graeme-semon/index.html]
[nexa.law/lawyers/jamal-khalil/index.html]
[nexa.law/lawyers/james-devane/index.html]
[nexa.law/lawyers/nassar-khalil/index.html]
[nexa.law/lawyers/wajahat-haider/index.html]
[nexa.law/wp-content/themes/nexalaw/src/css/additional561c.css]
[nexa.law/indexba52.html]
[nexa.law/services/banking-finance/index.html]
[nexa.law/services/charity-third-sector-governance/index.html]
[nexa.law/services/commercial-law/index.html]
[nexa.law/services/competition-regulatory/index.html]
[nexa.law/services/construction-civil-engineering-disputes/index.html]
[nexa.law/services/contentious-probate-services/index.html]
[nexa.law/services/corporate/index.html]
[nexa.law/services/court-of-protection/index.html]
[nexa.law/services/data-protection-gdpr/index.html]
[nexa.law/services/debt-recovery/index.html]
[nexa.law/services/disputes/index.html]
[nexa.law/services/employment-law/index.html]
[nexa.law/services/environmental-social-and-governance-esg/index.html]
[nexa.law/services/family-business/index.html]
[nexa.law/services/family-law/index.html]
[nexa.law/services/farming-rural-agriculture/index.html]
[nexa.law/services/flexible-retainers/index.html]
[nexa.law/services/food-beverage/index.html]
[nexa.law/services/franchise-law/index.html]
[nexa.law/services/general-counsel-services/index.html]
[nexa.law/services/healthcare-sector/index.html]
[nexa.law/services/immigration/index.html]
[nexa.law/services/intellectual-property/index.html]
[nexa.law/services/ip-protection/index.html]
[nexa.law/services/military-hearing-loss/index.html]
[nexa.law/services/military-justice/index.html]
[nexa.law/services/non-freezing-cold-injury-nfci-claims/index.html]
[nexa.law/services/military-under-settlement-claims/index.html]
[nexa.law/services/personal-injury-and-clinical-negligence/index.html]
[nexa.law/services/privacy-as-a-service/index.html]
[nexa.law/services/private-client/index.html]
[nexa.law/services/professional-negligence/index.html]
[nexa.law/services/property/index.html]
[nexa.law/services/restructuring-insolvency/index.html]
[nexa.law/services/start-ups-scale-ups/index.html]
[nexa.law/services/tax-disputes/index.html]
[nexa.law/services/technology/index.html]
[nexa.law/nexa-insights/page/2/index.html]
[nexa.law/nexa-raises-professional-indemnity-insurance-to-10-million/index.html]
[nexa.law/nexa-breaks-into-the-lawyer-top-200/index.html]
[nexa.law/christmas-child-arrangements-words-from-lawyer-muntech-kaur/index.html]
[nexa.law/unfair-dismissal-faqs/index.html]
[nexa.law/a-guide-to-making-a-medical-negligence-claim/index.html]
[nexa.law/when-does-a-contract-become-legally-binding/index.html]
[nexa.law/reporting-a-dissolved-company-that-is-still-trading/index.html]
[nexa.law/pre-emptive-validation-orders-in-insolvency-proceedings/index.html]
[nexa.law/amendments-to-the-employment-rights-bill-banning-ndas-that-silence-victims-of-discrimination-and-harassment/index.html]
[nexa.law/what-can-you-do-if-your-ex-wont-let-you-take-your-child-abroad-for-a-summer-holiday/index.html]
[nexa.law/a-step-by-step-guide-to-acquiring-a-trademark/index.html]
[nexa.law/can-i-be-made-redundant-due-to-ai/index.html]
[nexa.law/directors-personal-liability-in-costs-in-winding-up-proceedings/index.html]
[nexa.law/nexa-insights/page/3/index.html]
[nexa.law/nexa-insights/page/23/index.html]
[nexa.law/wp-content/themes/nexalaw/src/css/additionalfc9f.css]
[nexa.law/indexcc0f.html]
[nexa.law/wp-content/themes/nexalaw/src/css/additional7f53.css]
[nexa.law/index70cf.html]
[nexa.law/wp-content/themes/nexalaw/public/dist/assets/nexa_n_03.svg]
[nexa.law/wp-content/themes/nexalaw/src/css/additional3b6e.css]
[nexa.law/index0c9b.html]
[nexa.law/wp-content/themes/nexalaw/src/css/additional2e9d.css]
[nexa.law/index6f6e.html]
[nexa.law/wp-content/themes/nexalaw/src/css/additional8d23.css]
[nexa.law/index5ce1.html]
[nexa.law/debt-recovery-price-list/index.html]
[nexa.law/employment-tribunals-price-list/index.html]
[nexa.law/immigration-price-list/index.html]
[nexa.law/probate-price-list/index.html]
[nexa.law/residential-purchase-price-list/index.html]
[nexa.law/residential-remortgage-price-list/index.html]
[nexa.law/residential-sale-price-list/index.html]
[nexa.law/wp-content/themes/nexalaw/src/css/additional4350.css]
[nexa.law/index0160.html]
[nexa.law/wp-content/themes/nexalaw/src/css/additional6514.css]
[nexa.law/indexd369.html]
[nexa.law/work-at-nexa/compliance-executive/index.html]
[nexa.law/wp-content/themes/nexalaw/src/css/additional7c4d.css]
[nexa.law/indexe95a.html]
[nexa.law/wp-content/themes/nexalaw/src/css/additionala410.css]
[nexa.law/indexdc4f.html]
[nexa.law/wp-content/themes/nexalaw/src/css/additional24a1.css]
[nexa.law/index31fa.html]
[nexa.law/wp-content/themes/nexalaw/src/css/additional36a1.css]
[nexa.law/index9d7f.html]
[nexa.law/wp-content/themes/nexalaw/src/css/additional003e.css]
[nexa.law/index4cf9.html]
[nexa.law/index9cff.html]
[nexa.law/wp-content/themes/nexalaw/src/css/additionalbc4b.css]
[nexa.law/index4488.html]
[nexa.law/wp-content/themes/nexalaw/src/css/additionalccce.css]
[nexa.law/index17d3.html]
[nexa.law/meet-abby-minns-our-new-ip-rights-litigation-lawyer/index.html]
[nexa.law/wp-content/themes/nexalaw/src/css/additional7a32.css]
[nexa.law/index80a3.html]
[nexa.law/property-lawyer-adrian-hansford-joins-nexa-law/index.html]
[nexa.law/wp-content/themes/nexalaw/src/css/additionalc4c9.css]
[nexa.law/indexb4f6.html]
[nexa.law/wp-content/themes/nexalaw/src/css/additionalbef4.css]
[nexa.law/index879c.html]
[nexa.law/wp-content/themes/nexalaw/src/css/additional7722.css]
[nexa.law/index0261.html]
[nexa.law/meet-alex-keenan-an-expert-in-all-private-client-agricultural-law/index.html]
[nexa.law/wp-content/themes/nexalaw/src/css/additional40e7.css]
[nexa.law/indexed9a.html]
[nexa.law/wp-content/themes/nexalaw/src/css/additional3a2d.css]
[nexa.law/indexa55c.html]
[nexa.law/wp-content/themes/nexalaw/src/css/additionalfa28.css]
[nexa.law/indexbcd6.html]
[nexa.law/wp-content/themes/nexalaw/src/css/additional2723.css]
[nexa.law/indexcb8c.html]
[nexa.law/wp-content/themes/nexalaw/src/css/additionalb2b9.css]
[nexa.law/index9d87.html]
[nexa.law/introducing-our-new-commercial-property-lawyer-amardeep-nangla/index.html]
[nexa.law/wp-content/themes/nexalaw/src/css/additional670a.css]
[nexa.law/indexf1ac.html]
[nexa.law/meet-nexa-consultant-amy-leite/index.html]
[nexa.law/welcoming-amy-leite-to-nexa-law/index.html]
[nexa.law/wp-content/themes/nexalaw/src/css/additional5b52.css]
[nexa.law/indexca25.html]
[nexa.law/andrew-horrocks-joins-nexa-law/index.html]
[nexa.law/wp-content/themes/nexalaw/src/css/additionalbcff.css]
[nexa.law/indexa813.html]
[nexa.law/index1263.html]
[nexa.law/nexa-welcomes-angelina-milon/index.html]
[nexa.law/wp-content/themes/nexalaw/src/css/additional1ed8.css]
[nexa.law/indexb3e1.html]
[nexa.law/meet-our-new-dispute-litigation-lawyer-annest-smith/index.html]
[nexa.law/wp-content/themes/nexalaw/src/css/additionalf42b.css]
[nexa.law/index65a9.html]
[nexa.law/anushka-dosanjh-joins-nexa-law/index.html]
[nexa.law/wp-content/themes/nexalaw/src/css/additional37e6.css]
[nexa.law/indexd7dd.html]
[nexa.law/index975a.html]
[nexa.law/wp-content/themes/nexalaw/src/css/additional1f89.css]
[nexa.law/index7255.html]
[nexa.law/introducing-badar-zaman-to-nexa-law/index.html]
[nexa.law/wp-content/themes/nexalaw/src/css/additional205e.css]
[nexa.law/indexf47a.html]
[nexa.law/wp-content/themes/nexalaw/src/css/additionalfdd7.css]
[nexa.law/index8a0c.html]
[nexa.law/life-at-nexa-ben-walmsley/index.html]
[nexa.law/indexc2ef.html]
[nexa.law/welcoming-brigit-hanwell-to-the-nexa-law-team/index.html]
[nexa.law/wp-content/themes/nexalaw/src/css/additionalb9b4.css]
[nexa.law/index71fc.html]
[nexa.law/indexcf3a.html]
[nexa.law/wp-content/themes/nexalaw/src/css/additionald275.css]
[nexa.law/index007a.html]
[nexa.law/wp-content/themes/nexalaw/src/css/additionale134.css]
[nexa.law/index6b92.html]
[nexa.law/introducing-chantal-thomas-to-nexa/index.html]
[nexa.law/index4e5e.html]
[nexa.law/wp-content/themes/nexalaw/src/css/additional803a.css]
[nexa.law/index709f.html]
[nexa.law/wp-content/themes/nexalaw/src/css/additional5605.css]
[nexa.law/indexb645.html]
[nexa.law/wp-content/themes/nexalaw/src/css/additional1e30.css]
[nexa.law/indexfc4b.html]
[nexa.law/index0364.html]
[nexa.law/welcoming-daniel-jenkins-to-nexa-law/index.html]
[nexa.law/wp-content/themes/nexalaw/src/css/additional24d4.css]
[nexa.law/index87e8.html]
[nexa.law/wp-content/themes/nexalaw/src/css/additionalf676.css]
[nexa.law/index8ab1.html]
[nexa.law/introducing-david-roth-to-nexa-law/index.html]
[nexa.law/index01a2.html]
[nexa.law/wp-content/themes/nexalaw/src/css/additionalf0be.css]
[nexa.law/index2ca9.html]
[nexa.law/wp-content/themes/nexalaw/src/css/additional15cb.css]
[nexa.law/indexbbbc.html]
[nexa.law/welcoming-donna-taylor-our-new-private-client-lawyer/index.html]
[nexa.law/index221f.html]
[nexa.law/introducing-eduardo-grazioli-our-new-personal-injury-immigration-lawyer/index.html]
[nexa.law/indexd8bc.html]
[nexa.law/welcoming-elizabeth-matfin-to-nexa-law/index.html]
[nexa.law/wp-content/themes/nexalaw/src/css/additional3238.css]
[nexa.law/indexc1f6.html]
[nexa.law/indexc61d.html]
[nexa.law/introducing-emma-bagshaw-to-nexa/index.html]
[nexa.law/wp-content/themes/nexalaw/src/css/additionala216.css]
[nexa.law/index2df4.html]
[nexa.law/indexc31c.html]
[nexa.law/welcoming-emma-rowe-to-nexa/index.html]
[nexa.law/wp-content/themes/nexalaw/src/css/additionalb918.css]
[nexa.law/indexb6e7.html]
[nexa.law/wp-content/themes/nexalaw/src/css/additionalf0e2.css]
[nexa.law/index5657.html]
[nexa.law/index4095.html]
[nexa.law/wp-content/themes/nexalaw/src/css/additional4e75.css]
[nexa.law/indexecc4.html]
[nexa.law/time-to-pay-new-vat-late-payment-penalties/index.html]
[nexa.law/wp-content/themes/nexalaw/src/css/additional4ae3.css]
[nexa.law/index9527.html]
[nexa.law/index0ed6.html]
[nexa.law/welcoming-fraser-mcgee-to-nexa-law/index.html]
[nexa.law/wp-content/themes/nexalaw/src/css/additional5b38.css]
[nexa.law/index8fee.html]
[nexa.law/introducing-gary-austin-to-nexa/index.html]
[nexa.law/index8a1f.html]
[nexa.law/wp-content/themes/nexalaw/src/css/additional3e9d.css]
[nexa.law/index60bd.html]
[nexa.law/index7080.html]
[nexa.law/wp-content/themes/nexalaw/src/css/additional696a.css]
[nexa.law/index57e7.html]
[nexa.law/indexd8cb.html]
[nexa.law/wp-content/themes/nexalaw/src/css/additional136e.css]
[nexa.law/index6609.html]
[nexa.law/index486a.html]
[nexa.law/welcoming-henry-clarke-to-nexa-law/index.html]
[nexa.law/wp-content/themes/nexalaw/src/css/additional94c3.css]
[nexa.law/indexe347.html]
[nexa.law/wp-content/themes/nexalaw/src/css/additional034d.css]
[nexa.law/index73fa.html]
[nexa.law/ilesh-joins-nexa-law/index.html]
[nexa.law/index2e64.html]
[nexa.law/welcoming-jack-marriott-to-nexa-law/index.html]
[nexa.law/wp-content/themes/nexalaw/src/css/additionale420.css]
[nexa.law/indexb377.html]
[nexa.law/wp-content/themes/nexalaw/src/css/additional2d20.css]
[nexa.law/indexa7ab.html]
[nexa.law/wp-content/themes/nexalaw/src/css/additional63a1.css]
[nexa.law/indexe3b6.html]
[nexa.law/wp-content/themes/nexalaw/src/css/additional0944.css]
[nexa.law/index1639.html]
[nexa.law/welcoming-jane-gray-to-nexa-law/index.html]
[nexa.law/wp-content/themes/nexalaw/src/css/additionala0c0.css]
[nexa.law/indexe982.html]
[nexa.law/welcoming-jane-pearsey-to-nexa/index.html]
[nexa.law/wp-content/themes/nexalaw/src/css/additional8b35.css]
[nexa.law/index488e.html]
[nexa.law/wp-content/themes/nexalaw/src/css/additional1558.css]
[nexa.law/indexc544.html]
[nexa.law/index5ed0.html]
[nexa.law/welcoming-jennifer-andrews-to-nexa-law/index.html]
[nexa.law/wp-content/themes/nexalaw/src/css/additionalab62.css]
[nexa.law/index8da4.html]
[nexa.law/index45c8.html]
[nexa.law/welcoming-john-cato-to-our-team-at-nexa-law/index.html]
[nexa.law/wp-content/themes/nexalaw/src/css/additional0cd9.css]
[nexa.law/index4023.html]
[nexa.law/wp-content/themes/nexalaw/src/css/additional1c60.css]
[nexa.law/index09cc.html]
[nexa.law/wp-content/themes/nexalaw/src/css/additional9d72.css]
[nexa.law/index5604.html]
[nexa.law/john-mclean-joins-nexa-law/index.html]
[nexa.law/wp-content/themes/nexalaw/src/css/additionalf428.css]
[nexa.law/index6c6e.html]
[nexa.law/welcoming-jon-percy-our-new-corporate-lawyer/index.html]
[nexa.law/wp-content/themes/nexalaw/src/css/additional1928.css]
[nexa.law/index8fec.html]
[nexa.law/meet-jonathan-hodge-an-expert-in-commercial-dispute-resolution-and-contract-law/index.html]
[nexa.law/wp-content/themes/nexalaw/src/css/additionalfd7b.css]
[nexa.law/indexe4db.html]
[nexa.law/meet-jonathan-jacobs-an-expert-in-the-healthcare-sector/index.html]
[nexa.law/wp-content/themes/nexalaw/src/css/additional6bd4.css]
[nexa.law/index9d51.html]
[nexa.law/jonathan-sara-joins-nexa-law/index.html]
[nexa.law/wp-content/themes/nexalaw/src/css/additional3ed8.css]
[nexa.law/indexf705.html]
[nexa.law/get-to-know-nexa-consultant-jonathan-warner-reed/index.html]
[nexa.law/welcoming-jonathan-to-nexa-law/index.html]
[nexa.law/wp-content/themes/nexalaw/src/css/additional20be.css]
[nexa.law/index420b.html]
[nexa.law/wp-content/themes/nexalaw/src/css/additional587e.css]
[nexa.law/indexf5a4.html]
[nexa.law/welcoming-julia-hurren-to-nexa/index.html]
[nexa.law/index2c5f.html]
[nexa.law/welcoming-julie-trimble-to-nexa-law/index.html]
[nexa.law/wp-content/themes/nexalaw/src/css/additional9a07.css]
[nexa.law/indexa040.html]
[nexa.law/welcoming-karen-thompson-to-nexa-law/index.html]
[nexa.law/wp-content/themes/nexalaw/src/css/additionalc927.css]
[nexa.law/index0078.html]
[nexa.law/wp-content/themes/nexalaw/src/css/additionala5e9.css]
[nexa.law/index0df7.html]
[nexa.law/wp-content/themes/nexalaw/src/css/additional0d84.css]
[nexa.law/index7eea.html]
[nexa.law/lawyers/eduardo-grazioli/feed/index.html]
[nexa.law/wp-json/oembed/1.0/embedb8df]
[nexa.law/wp-content/themes/nexalaw/src/css/additional562b.css]
[nexa.law/index1f38.html]
[nexa.law/keeley-lawrence-hoyle-joins-nexa-law/index.html]
[nexa.law/wp-content/uploads/2020/07/keeley-thumb.jpg]
[nexa.law/lawyers/kevin-wilson/feed/index.html]
[nexa.law/wp-json/oembed/1.0/embed7e96]
[nexa.law/wp-json/oembed/1.0/embede982]
[nexa.law/wp-content/themes/nexalaw/src/css/additional9895.css]
[nexa.law/wp-json/wp/v2/lawyer/483]
[nexa.law/index3758.html]
[nexa.law/wp-json/oembed/1.0/embedbf85]
[nexa.law/wp-json/oembed/1.0/embed2f00]
[nexa.law/wp-content/themes/nexalaw/src/css/additionale20f.css]
[nexa.law/wp-json/wp/v2/lawyer/5327]
[nexa.law/indexa9ca.html]
[nexa.law/wp-json/oembed/1.0/embed0ed3]
[nexa.law/wp-json/oembed/1.0/embeda4a4]
[nexa.law/wp-content/themes/nexalaw/src/css/additional4518.css]
[nexa.law/wp-json/wp/v2/lawyer/5761]
[nexa.law/index491c.html]
[nexa.law/wp-json/oembed/1.0/embed9157]
[nexa.law/wp-json/oembed/1.0/embedebd9]
[nexa.law/wp-content/themes/nexalaw/src/css/additionald05d.css]
[nexa.law/wp-json/wp/v2/lawyer/5363]
[nexa.law/index54f4.html]
[nexa.law/wp-json/oembed/1.0/embed2bc6]
[nexa.law/wp-json/oembed/1.0/embedbf06]
[nexa.law/wp-content/themes/nexalaw/src/css/additional2848.css]
[nexa.law/wp-json/wp/v2/lawyer/5954]
[nexa.law/indexe123.html]
[nexa.law/lawyers/lawrence-lupin/feed/index.html]
[nexa.law/wp-json/oembed/1.0/embed45f1]
[nexa.law/wp-json/oembed/1.0/embed7ee7]
[nexa.law/wp-content/themes/nexalaw/src/css/additional6fe2.css]
[nexa.law/wp-json/wp/v2/lawyer/395]
[nexa.law/index0449.html]
[nexa.law/meet-lawrence-lupin-an-expert-in-immigration-law/index.html]
[nexa.law/wp-content/uploads/2022/04/Lawrence_Lupin_thumb_655x300px.jpg]
[nexa.law/wp-json/oembed/1.0/embed4db6]
[nexa.law/wp-json/oembed/1.0/embed7b29]
[nexa.law/wp-content/themes/nexalaw/src/css/additional4d55.css]
[nexa.law/wp-json/wp/v2/lawyer/6340]
[nexa.law/index8f12.html]
[nexa.law/lawyers/lee-magner/feed/index.html]
[nexa.law/wp-json/oembed/1.0/embedd301]
[nexa.law/wp-json/oembed/1.0/embedd4f8]
[nexa.law/wp-json/wp/v2/lawyer/399]
[nexa.law/index0945.html]
[nexa.law/introducing-lee-magner-to-nexa-law/index.html]
[nexa.law/wp-content/uploads/2021/07/Lee_Magner_Thumb.jpg]
[nexa.law/wp-json/oembed/1.0/embedd718]
[nexa.law/wp-json/oembed/1.0/embede062]
[nexa.law/wp-content/themes/nexalaw/src/css/additional6f79.css]
[nexa.law/wp-json/wp/v2/lawyer/5289]
[nexa.law/indexc56e.html]
[nexa.law/lawyers/lorna-lewis/feed/index.html]
[nexa.law/wp-json/oembed/1.0/embed2076]
[nexa.law/wp-json/oembed/1.0/embed413a]
[nexa.law/wp-content/themes/nexalaw/src/css/additional9c0f.css]
[nexa.law/wp-json/wp/v2/lawyer/389]
[nexa.law/index2325.html]
[nexa.law/lawyers/louise-sackey/feed/index.html]
[nexa.law/wp-json/oembed/1.0/embed2956]
[nexa.law/wp-json/oembed/1.0/embeda470]
[nexa.law/wp-content/themes/nexalaw/src/css/additionalfd75.css]
[nexa.law/wp-json/wp/v2/lawyer/453]
[nexa.law/index06d3.html]
[nexa.law/meet-louise-sackey-an-expert-in-commercial-litigation/index.html]
[nexa.law/wp-content/uploads/2022/01/Louise_Sackey_Thumb.jpg]
[nexa.law/wp-json/oembed/1.0/embedfa67]
[nexa.law/wp-json/oembed/1.0/embed69dc]
[nexa.law/wp-content/themes/nexalaw/src/css/additional19af.css]
[nexa.law/wp-json/wp/v2/lawyer/6042]
[nexa.law/indexca65.html]
[nexa.law/lawyers/lucy-eldred/feed/index.html]
[nexa.law/wp-json/oembed/1.0/embed60b0]
[nexa.law/wp-json/oembed/1.0/embed1d5b]
[nexa.law/wp-content/themes/nexalaw/src/css/additionalc352.css]
[nexa.law/wp-json/wp/v2/lawyer/312]
[nexa.law/index8844.html]
[nexa.law/lawyers/manjinder-talwara/feed/index.html]
[nexa.law/wp-json/oembed/1.0/embedf9fb]
[nexa.law/wp-json/oembed/1.0/embedfd96]
[nexa.law/wp-json/wp/v2/lawyer/5142]
[nexa.law/index9763.html]
[nexa.law/lawyers/marcia-lopes/feed/index.html]
[nexa.law/wp-json/oembed/1.0/embedc5e4]
[nexa.law/wp-json/oembed/1.0/embed1f12]
[nexa.law/wp-content/themes/nexalaw/src/css/additional3a2a.css]
[nexa.law/wp-json/wp/v2/lawyer/393]
[nexa.law/indexa9ab.html]
[nexa.law/lawyers/mark-coupe/feed/index.html]
[nexa.law/wp-json/oembed/1.0/embed19c6]
[nexa.law/wp-json/oembed/1.0/embeddbd1]
[nexa.law/wp-content/themes/nexalaw/src/css/additional0216.css]
[nexa.law/wp-json/wp/v2/lawyer/291]
[nexa.law/index820e.html]
[nexa.law/lawyers/marshall-levine/feed/index.html]
[nexa.law/wp-json/oembed/1.0/embedc8f0]
[nexa.law/wp-json/oembed/1.0/embedaaf4]
[nexa.law/wp-content/themes/nexalaw/src/css/additional8691.css]
[nexa.law/wp-json/wp/v2/lawyer/387]
[nexa.law/index1caa.html]
[nexa.law/welcoming-marshall-levine-to-our-team-at-nexa-law/index.html]
[nexa.law/wp-content/uploads/2020/12/Marshall_Levine_2_Thumb.jpg]
[nexa.law/lawyers/martin-wilson/feed/index.html]
[nexa.law/wp-json/oembed/1.0/embed0b23]
[nexa.law/wp-json/oembed/1.0/embede4bd]
[nexa.law/wp-content/themes/nexalaw/src/css/additionala7c3.css]
[nexa.law/wp-json/wp/v2/lawyer/485]
[nexa.law/indexca96.html]
[nexa.law/lawyers/matthew-dunne/feed/index.html]
[nexa.law/wp-json/oembed/1.0/embed72d8]
[nexa.law/wp-json/oembed/1.0/embed0a97]
[nexa.law/wp-content/themes/nexalaw/src/css/additional7235.css]
[nexa.law/wp-json/wp/v2/lawyer/304]
[nexa.law/indexdd01.html]
[nexa.law/why-did-matthew-dunne-choose-nexa-law/index.html]
[nexa.law/wp-content/uploads/2019/10/Matthew_Dune2_main.jpg]
[nexa.law/introducing-matthew-dunne-to-nexa-law/index.html]
[nexa.law/wp-content/uploads/2019/06/matthew-thumb.jpg]
[nexa.law/lawyers/matthew-ingle/feed/index.html]
[nexa.law/wp-json/oembed/1.0/embed642d]
[nexa.law/wp-json/oembed/1.0/embed3ff7]
[nexa.law/wp-content/themes/nexalaw/src/css/additional689e.css]
[nexa.law/wp-json/wp/v2/lawyer/360]
[nexa.law/index4c85.html]
[nexa.law/welcoming-matthew-ingle-to-nexa-law/index.html]
[nexa.law/wp-content/uploads/2021/12/Matthew_Ingle_Thumb.jpg]
[nexa.law/lawyers/melanie-harrison/feed/index.html]
[nexa.law/wp-json/oembed/1.0/embed6b4f]
[nexa.law/wp-json/oembed/1.0/embed48d7]
[nexa.law/wp-content/themes/nexalaw/src/css/additional9f82.css]
[nexa.law/wp-json/wp/v2/lawyer/345]
[nexa.law/index50ca.html]
[nexa.law/meet-our-nexaconnex-lawyers-melanie-harrison/index.html]
[nexa.law/wp-content/uploads/2020/11/Melanie_Harrison_Profile.jpg]
[nexa.law/welcoming-melanie-harrison-to-nexa-law/index.html]
[nexa.law/wp-content/uploads/2020/11/Melanie_Harrison_Thumb.jpg]
[nexa.law/lawyers/michael-christopher/feed/index.html]
[nexa.law/wp-json/oembed/1.0/embeda38c]
[nexa.law/wp-json/oembed/1.0/embedc303]
[nexa.law/wp-json/wp/v2/lawyer/285]
[nexa.law/indexd0b8.html]
[nexa.law/meet-michael-christopher-our-new-wills-probate-lawyer/index.html]
[nexa.law/wp-content/uploads/2020/09/michael-thumb.jpg]
[nexa.law/wp-json/oembed/1.0/embed078d]
[nexa.law/wp-json/oembed/1.0/embedb4e2]
[nexa.law/wp-content/themes/nexalaw/src/css/additional4bfd.css]
[nexa.law/wp-json/wp/v2/lawyer/5640]
[nexa.law/index61c9.html]
[nexa.law/lawyers/michael-keeling/feed/index.html]
[nexa.law/wp-json/oembed/1.0/embede107]
[nexa.law/wp-json/oembed/1.0/embed8478]
[nexa.law/wp-json/wp/v2/lawyer/366]
[nexa.law/index7aa0.html]
[nexa.law/introducing-michael-keeling-to-nexa-law/index.html]
[nexa.law/wp-content/uploads/2021/10/Michael-Keeling_Thumb.jpg]
[nexa.law/wp-json/oembed/1.0/embed60d0]
[nexa.law/wp-json/oembed/1.0/embed0801]
[nexa.law/wp-content/themes/nexalaw/src/css/additionaldb8b.css]
[nexa.law/wp-json/wp/v2/lawyer/5821]
[nexa.law/index1334.html]
[nexa.law/lawyers/nadeem-akhtar/feed/index.html]
[nexa.law/wp-json/oembed/1.0/embed7f32]
[nexa.law/wp-json/oembed/1.0/embed2f28]
[nexa.law/wp-content/themes/nexalaw/src/css/additionale09c.css]
[nexa.law/wp-json/wp/v2/lawyer/9]
[nexa.law/indexb5fb.html]
[nexa.law/introducing-nadeem-akhtar-to-nexa-law/index.html]
[nexa.law/wp-content/uploads/2022/01/Nadeem_Akhtar_Thumb.jpg]
[nexa.law/lawyers/natasha-banjo/feed/index.html]
[nexa.law/wp-json/oembed/1.0/embed36a6]
[nexa.law/wp-json/oembed/1.0/embed8d32]
[nexa.law/wp-content/themes/nexalaw/src/css/additional0ac5.css]
[nexa.law/wp-json/wp/v2/lawyer/267]
[nexa.law/index3786.html]
[nexa.law/introducing-natasha-banjo-to-nexa-law/index.html]
[nexa.law/wp-content/uploads/2020/08/natasha-thumb.jpg]
[nexa.law/wp-json/oembed/1.0/embed559a]
[nexa.law/wp-json/oembed/1.0/embed464a]
[nexa.law/wp-content/themes/nexalaw/src/css/additionalc3d4.css]
[nexa.law/wp-json/wp/v2/lawyer/5896]
[nexa.law/indexa00f.html]
[connect.facebook.net/en_US/fbevents.js]
[nexa.law/wp-content/uploads/forminator/5939_7d34e0c20b0f020a8e642e7d11b7d8d0/css/style-59391dac.css]
[nexa.law/wp-content/plugins/forminator/assets/forminator-ui/css/forminator-icons.min500e.css]
[nexa.law/wp-content/plugins/forminator/assets/forminator-ui/css/src/forminator-utilities.min500e.css]
[nexa.law/wp-content/plugins/forminator/assets/forminator-ui/css/src/grid/forminator-grid.enclosed.min500e.css]
[nexa.law/wp-content/plugins/forminator/assets/forminator-ui/css/src/form/forminator-form-default.base.min500e.css]
[nexa.law/wp-content/plugins/forminator/assets/forminator-ui/css/src/form/forminator-form-default.select2.min500e.css]
[nexa.law/wp-content/plugins/forminator/assets/forminator-ui/css/src/form/forminator-form-default.full.min500e.css]
[nexa.law/wp-content/plugins/forminator/assets/forminator-ui/css/src/form/forminator-form-default.pagination.min500e.css]
[nexa.law/wp-content/plugins/forminator/assets/css/intlTelInput.minfa0c.css]
[nexa.law/wp-includes/css/buttons.minb34e.css]
[nexa.law/wp-content/plugins/forminator/assets/forminator-ui/js/select2.full.min500e.js]
[nexa.law/wp-content/plugins/forminator/assets/js/library/jquery.validate.min500e.js]
[nexa.law/wp-content/plugins/forminator/assets/forminator-ui/js/forminator-form.min500e.js]
[nexa.law/wp-content/plugins/forminator/build/front/front.multi.min500e.js]
[nexa.law/wp-content/plugins/forminator/assets/js/library/intlTelInput.min500e.js]
[nexa.law/wp-includes/js/dist/vendor/moment.minf799.js]
[nexa.law/wp-includes/js/jquery/ui/core.minb37e.js]
[nexa.law/wp-includes/js/jquery/ui/datepicker.minb37e.js]
[www.google.com/recaptcha/api1330.js]
[nexa.law/lawyers/nigel-bowen/feed/index.html]
[nexa.law/wp-json/oembed/1.0/embedb60a]
[nexa.law/wp-json/oembed/1.0/embed675c]
[nexa.law/wp-json/wp/v2/lawyer/273]
[nexa.law/index7dad.html]
[nexa.law/introducing-nigel-bowen-to-our-team-at-nexa-law/index.html]
[nexa.law/wp-content/uploads/2020/11/Nigel_Bowen_Thumb.jpg]
[nexa.law/lawyers/nikki-harrison/feed/index.html]
[nexa.law/wp-json/oembed/1.0/embed88c5]
[nexa.law/wp-json/oembed/1.0/embed58cb]
[nexa.law/wp-content/themes/nexalaw/src/css/additional1c3e.css]
[nexa.law/wp-json/wp/v2/lawyer/5148]
[nexa.law/index697e.html]
[nexa.law/wp-json/oembed/1.0/embedf7b0]
[nexa.law/wp-json/oembed/1.0/embed68dc]
[nexa.law/wp-content/themes/nexalaw/src/css/additionalfef3.css]
[nexa.law/wp-json/wp/v2/lawyer/5612]
[nexa.law/index0dc2.html]
[nexa.law/wp-json/oembed/1.0/embed95a6]
[nexa.law/wp-json/oembed/1.0/embed56a3]
[nexa.law/wp-content/themes/nexalaw/src/css/additionalac8c.css]
[nexa.law/wp-json/wp/v2/lawyer/5418]
[nexa.law/index8886.html]
[nexa.law/lawyers/paul-dixon/feed/index.html]
[nexa.law/wp-json/oembed/1.0/embedd57e]
[nexa.law/wp-json/oembed/1.0/embedc293]
[nexa.law/wp-json/wp/v2/lawyer/298]
[nexa.law/indexba86.html]
[nexa.law/introducing-our-new-commercial-property-lawyer-paul-dixon/index.html]
[nexa.law/wp-content/uploads/2021/05/Paul_Dixon_Thumb-1.jpg]
[nexa.law/lawyers/paul-oflynn/feed/index.html]
[nexa.law/wp-json/oembed/1.0/embed71bf]
[nexa.law/wp-json/oembed/1.0/embed72c2]
[nexa.law/wp-content/themes/nexalaw/src/css/additionala97f.css]
[nexa.law/wp-json/wp/v2/lawyer/428]
[nexa.law/indexc7ce.html]
[nexa.law/welcoming-paul-oflynn-to-nexa-law/index.html]
[nexa.law/wp-content/uploads/2022/05/Paul_OFlyn-Edit_thumb_655x300px.jpg]
[nexa.law/wp-json/oembed/1.0/embedc09f]
[nexa.law/wp-json/oembed/1.0/embedc173]
[nexa.law/wp-json/wp/v2/lawyer/5866]
[nexa.law/indexe935.html]
[nexa.law/lawyers/peter-mclean-buechel/feed/index.html]
[nexa.law/wp-json/oembed/1.0/embed5ee9]
[nexa.law/wp-json/oembed/1.0/embedff4b]
[nexa.law/wp-content/themes/nexalaw/src/css/additional4132.css]
[nexa.law/wp-json/wp/v2/lawyer/416]
[nexa.law/index5750.html]
[nexa.law/introducing-peter-mclean-buechel-to-nexa-law/index.html]
[nexa.law/wp-content/uploads/2020/05/peter-thumb.jpg]
[nexa.law/wp-json/oembed/1.0/embedb138]
[nexa.law/wp-json/oembed/1.0/embedc75d]
[nexa.law/wp-json/wp/v2/lawyer/5364]
[nexa.law/indexa784.html]
[nexa.law/lawyers/rachel-garton/feed/index.html]
[nexa.law/wp-json/oembed/1.0/embed77a4]
[nexa.law/wp-json/oembed/1.0/embed7729]
[nexa.law/wp-content/themes/nexalaw/src/css/additional4c81.css]
[nexa.law/wp-json/wp/v2/lawyer/320]
[nexa.law/indexe513.html]
[nexa.law/lawyers/rebecca-cobbs/feed/index.html]
[nexa.law/wp-json/oembed/1.0/embed4f1b]
[nexa.law/wp-json/oembed/1.0/embeda7ae]
[nexa.law/wp-json/wp/v2/lawyer/289]
[nexa.law/index8902.html]
[nexa.law/rebecca-cobbs-joins-nexa-law/index.html]
[nexa.law/wp-content/uploads/2020/11/Rebecca_Cobbs_Thumb.jpg]
[nexa.law/wp-json/oembed/1.0/embed00b7]
[nexa.law/wp-json/oembed/1.0/embedf8a5]
[nexa.law/wp-content/themes/nexalaw/src/css/additional0df4.css]
[nexa.law/wp-json/wp/v2/lawyer/6062]
[nexa.law/indexbf8d.html]
[nexa.law/wp-json/oembed/1.0/embeda813]
[nexa.law/wp-json/oembed/1.0/embed7a7e]
[nexa.law/wp-json/wp/v2/lawyer/5804]
[nexa.law/index7237.html]
[nexa.law/wp-json/oembed/1.0/embed77d9]
[nexa.law/wp-json/oembed/1.0/embed1634]
[nexa.law/wp-content/themes/nexalaw/src/css/additionalc760.css]
[nexa.law/wp-json/wp/v2/lawyer/6173]
[nexa.law/index1ad2.html]
[nexa.law/lawyers/rina-popat/feed/index.html]
[nexa.law/wp-json/oembed/1.0/embedb1c2]
[nexa.law/wp-json/oembed/1.0/embeda525]
[nexa.law/wp-content/themes/nexalaw/src/css/additionalf44e.css]
[nexa.law/wp-json/wp/v2/lawyer/444]
[nexa.law/indexb284.html]
[nexa.law/welcoming-rina-popat-to-nexa/index.html]
[nexa.law/wp-content/uploads/2023/10/Rina_Popat-Edit_profile_390x435px-1.jpg]
[nexa.law/lawyers/rob-mclean/feed/index.html]
[nexa.law/wp-json/oembed/1.0/embed881a]
[nexa.law/wp-json/oembed/1.0/embed4274]
[nexa.law/wp-json/wp/v2/lawyer/414]
[nexa.law/index24eb.html]
[nexa.law/lawyers/sally-leaman/feed/index.html]
[nexa.law/wp-json/oembed/1.0/embed8ff3]
[nexa.law/wp-json/oembed/1.0/embed565e]
[nexa.law/wp-content/themes/nexalaw/src/css/additional58ce.css]
[nexa.law/wp-json/wp/v2/lawyer/383]
[nexa.law/index3f97.html]
[nexa.law/welcoming-sally-leaman-to-nexa/index.html]
[nexa.law/wp-content/uploads/2022/11/Sally_Leaman_thumb_655x300px-e1668592218988.jpg]
[nexa.law/lawyers/sam-george/feed/index.html]
[nexa.law/wp-json/oembed/1.0/embedad47]
[nexa.law/wp-json/oembed/1.0/embed4bb9]
[nexa.law/wp-content/themes/nexalaw/src/css/additionala691.css]
[nexa.law/wp-json/wp/v2/lawyer/322]
[nexa.law/indexeffc.html]
[nexa.law/welcoming-sam-george-to-nexa/index.html]
[nexa.law/wp-content/uploads/2022/11/Sam_George-Edit_thumb_655x300px.jpg]
[nexa.law/lawyers/samantha-downs/feed/index.html]
[nexa.law/wp-json/oembed/1.0/embed723a]
[nexa.law/wp-json/oembed/1.0/embed2357]
[nexa.law/wp-json/wp/v2/lawyer/302]
[nexa.law/index52e8.html]
[nexa.law/introducing-samantha-downs-to-nexa-law/index.html]
[nexa.law/wp-content/uploads/2019/11/Samantha-Downs-Blog-thumbnail.jpg]
[nexa.law/lawyers/samantha-hinton/feed/index.html]
[nexa.law/wp-json/oembed/1.0/embed327e]
[nexa.law/wp-json/oembed/1.0/embedddfe]
[nexa.law/wp-content/themes/nexalaw/src/css/additionalce8e.css]
[nexa.law/wp-json/wp/v2/lawyer/350]
[nexa.law/index8fbb.html]
[nexa.law/nexa-welcomes-samantha-hinton/index.html]
[nexa.law/wp-content/uploads/2024/01/Samantha-Hinton-THUMBNAIL.jpeg]
[nexa.law/lawyers/samuel-ogden/feed/index.html]
[nexa.law/wp-json/oembed/1.0/embedf875]
[nexa.law/wp-json/oembed/1.0/embed3dac]
[nexa.law/wp-content/themes/nexalaw/src/css/additional85bb.css]
[nexa.law/wp-json/wp/v2/lawyer/430]
[nexa.law/indexbdc5.html]
[nexa.law/welcoming-samuel-ogden-to-nexa/index.html]
[nexa.law/wp-content/uploads/2023/06/Samuel_Ogden-Edit_profile_390x435px.jpg]
[nexa.law/lawyers/sandy-edwards/feed/index.html]
[nexa.law/wp-json/oembed/1.0/embed0ecb]
[nexa.law/wp-json/oembed/1.0/embed1cd5]
[nexa.law/wp-json/wp/v2/lawyer/310]
[nexa.law/index90b2.html]
[nexa.law/meet-sandy-edwards-a-specialist-in-family-law/index.html]
[nexa.law/wp-content/uploads/2021/12/Sandy_Edwards_Thumb_2.jpg]
[nexa.law/lawyers/sarah-bostock/feed/index.html]
[nexa.law/wp-json/oembed/1.0/embedaad8]
[nexa.law/wp-json/oembed/1.0/embed153f]
[nexa.law/wp-content/themes/nexalaw/src/css/additionalb634.css]
[nexa.law/wp-json/wp/v2/lawyer/271]
[nexa.law/index0776.html]
[nexa.law/introducing-sarah-bostock-our-new-family-lawyer/index.html]
[nexa.law/wp-content/uploads/2020/12/Sarah_Bostock_Thumb.jpg]
[nexa.law/wp-json/oembed/1.0/embedde5d]
[nexa.law/wp-json/oembed/1.0/embeddf6a]
[nexa.law/wp-json/wp/v2/lawyer/5654]
[nexa.law/indexee23.html]
[nexa.law/lawyers/simon-ellis/feed/index.html]
[nexa.law/wp-json/oembed/1.0/embedfd9e]
[nexa.law/wp-json/oembed/1.0/embed8fcc]
[nexa.law/wp-json/wp/v2/lawyer/314]
[nexa.law/index1031.html]
[nexa.law/lawyers/simon-harrison/feed/index.html]
[nexa.law/wp-json/oembed/1.0/embed1554]
[nexa.law/wp-json/oembed/1.0/embedc469]
[nexa.law/wp-content/themes/nexalaw/src/css/additional582e.css]
[nexa.law/wp-json/wp/v2/lawyer/347]
[nexa.law/index0974.html]
[nexa.law/welcoming-simon-harrison-to-nexa/index.html]
[nexa.law/wp-content/uploads/2022/10/Simon_Harrison_thumb_655x300px.jpg]
[nexa.law/lawyers/simon-newsham/feed/index.html]
[nexa.law/wp-json/oembed/1.0/embed5638]
[nexa.law/wp-json/oembed/1.0/embedf05d]
[nexa.law/wp-content/themes/nexalaw/src/css/additional018a.css]
[nexa.law/wp-json/wp/v2/lawyer/426]
[nexa.law/index2202.html]
[nexa.law/wp-json/oembed/1.0/embedabf1]
[nexa.law/wp-json/oembed/1.0/embed4c51]
[nexa.law/wp-content/themes/nexalaw/src/css/additional9651.css]
[nexa.law/wp-json/wp/v2/lawyer/5295]
[nexa.law/index43a1.html]
[nexa.law/wp-json/oembed/1.0/embedf580]
[nexa.law/wp-json/oembed/1.0/embedb253]
[nexa.law/wp-content/themes/nexalaw/src/css/additional063d.css]
[nexa.law/wp-json/wp/v2/lawyer/5346]
[nexa.law/index010a.html]
[nexa.law/wp-json/oembed/1.0/embedb01f]
[nexa.law/wp-json/oembed/1.0/embede58e]
[nexa.law/wp-content/themes/nexalaw/src/css/additionale803.css]
[nexa.law/wp-json/wp/v2/lawyer/5925]
[nexa.law/index6e3b.html]
[nexa.law/wp-json/oembed/1.0/embed99bc]
[nexa.law/wp-json/oembed/1.0/embedf069]
[nexa.law/wp-json/wp/v2/lawyer/5361]
[nexa.law/index3d2f.html]
[nexa.law/lawyers/stephen-thomas/feed/index.html]
[nexa.law/wp-json/oembed/1.0/embed307e]
[nexa.law/wp-json/oembed/1.0/embedf4ad]
[nexa.law/wp-content/themes/nexalaw/src/css/additional86a8.css]
[nexa.law/wp-json/wp/v2/lawyer/467]
[nexa.law/index7ab1.html]
[nexa.law/introducing-stephen-thomas-to-nexa/index.html]
[nexa.law/wp-content/uploads/2023/06/Stephen_Thomas-Edit_profile_390x435px.jpg]
[nexa.law/lawyers/steven-mather/feed/index.html]
[nexa.law/wp-json/oembed/1.0/embed3636]
[nexa.law/wp-json/oembed/1.0/embedd6ba]
[nexa.law/wp-content/themes/nexalaw/src/css/additionalbcb4.css]
[nexa.law/wp-json/wp/v2/lawyer/406]
[nexa.law/index40e6.html]
[nexa.law/introducing-steven-mather-to-the-nexa-law-team/index.html]
[nexa.law/wp-content/uploads/2020/01/steven-thumb-1.jpg]
[nexa.law/wp-json/oembed/1.0/embedce1c]
[nexa.law/wp-json/oembed/1.0/embed04a8]
[nexa.law/wp-content/themes/nexalaw/src/css/additional1cf1.css]
[nexa.law/wp-json/wp/v2/lawyer/6343]
[nexa.law/index954f.html]
[nexa.law/lawyers/sushil-gaikwad/feed/index.html]
[nexa.law/wp-json/oembed/1.0/embeda092]
[nexa.law/wp-json/oembed/1.0/embed22b4]
[nexa.law/wp-content/themes/nexalaw/src/css/additionaleac6.css]
[nexa.law/wp-json/wp/v2/lawyer/5133]
[nexa.law/index6d6d.html]
[nexa.law/lawyers/suzanne-gulshan/feed/index.html]
[nexa.law/wp-json/oembed/1.0/embedad69]
[nexa.law/wp-json/oembed/1.0/embed96ed]
[nexa.law/wp-json/wp/v2/lawyer/334]
[nexa.law/indexd06c.html]
[nexa.law/wp-json/oembed/1.0/embed80d8]
[nexa.law/wp-json/oembed/1.0/embed418b]
[nexa.law/wp-content/themes/nexalaw/src/css/additional4720.css]
[nexa.law/wp-json/wp/v2/lawyer/5675]
[nexa.law/index8d09.html]
[nexa.law/lawyers/tabriz-rashid/feed/index.html]
[nexa.law/wp-json/oembed/1.0/embedce9d]
[nexa.law/wp-json/oembed/1.0/embed87df]
[nexa.law/wp-content/themes/nexalaw/src/css/additional0a5b.css]
[nexa.law/wp-json/wp/v2/lawyer/446]
[nexa.law/index4fd2.html]
[nexa.law/wp-json/oembed/1.0/embed5d5b]
[nexa.law/wp-json/oembed/1.0/embed536e]
[nexa.law/wp-content/themes/nexalaw/src/css/additional568f.css]
[nexa.law/wp-json/wp/v2/lawyer/6118]
[nexa.law/index9e16.html]
[nexa.law/lawyers/tamasin-curtis/feed/index.html]
[nexa.law/wp-json/oembed/1.0/embedb9bf]
[nexa.law/wp-json/oembed/1.0/embed7a5c]
[nexa.law/wp-content/themes/nexalaw/src/css/additional15f0.css]
[nexa.law/wp-json/wp/v2/lawyer/294]
[nexa.law/indexe2aa.html]
[nexa.law/introducing-tamasin-curtis-to-nexa-law/index.html]
[nexa.law/wp-content/uploads/2021/01/Tamasin_Curtis_Thumb.jpg]
[nexa.law/wp-json/oembed/1.0/embedf060]
[nexa.law/wp-json/oembed/1.0/embedbfb8]
[nexa.law/wp-content/themes/nexalaw/src/css/additional259a.css]
[nexa.law/wp-json/wp/v2/lawyer/5646]
[nexa.law/indexd62e.html]
[nexa.law/lawyers/tony-earl/feed/index.html]
[nexa.law/wp-json/oembed/1.0/embeda99f]
[nexa.law/wp-json/oembed/1.0/embed5989]
[nexa.law/wp-content/themes/nexalaw/src/css/additionalc766.css]
[nexa.law/wp-json/wp/v2/lawyer/308]
[nexa.law/indexf454.html]
[nexa.law/welcoming-tony-earl-to-nexa-law/index.html]
[nexa.law/wp-content/uploads/2022/04/Tony_Earl-Edit_thumb_655x300px-1.jpg]
[nexa.law/wp-json/oembed/1.0/embed13a7]
[nexa.law/wp-json/oembed/1.0/embed7555]
[nexa.law/wp-content/themes/nexalaw/src/css/additional7d7b.css]
[nexa.law/wp-json/wp/v2/lawyer/5890]
[nexa.law/index9f93.html]
[nexa.law/wp-json/oembed/1.0/embede665]
[nexa.law/wp-json/oembed/1.0/embed3b73]
[nexa.law/wp-json/wp/v2/lawyer/5943]
[nexa.law/index6837.html]
[nexa.law/wp-json/oembed/1.0/embedb571]
[nexa.law/wp-json/oembed/1.0/embed5499]
[nexa.law/wp-content/themes/nexalaw/src/css/additionalc683.css]
[nexa.law/wp-json/wp/v2/lawyer/5826]
[nexa.law/index112c.html]
[nexa.law/lawyers/vicky-robertson/feed/index.html]
[nexa.law/wp-json/oembed/1.0/embedfc74]
[nexa.law/wp-json/oembed/1.0/embedf1b1]
[nexa.law/wp-json/wp/v2/lawyer/448]
[nexa.law/indexc79d.html]
[nexa.law/wp-json/oembed/1.0/embedf68b]
[nexa.law/wp-json/oembed/1.0/embed9405]
[nexa.law/wp-content/themes/nexalaw/src/css/additionaledff.css]
[nexa.law/wp-json/wp/v2/lawyer/5212]
[nexa.law/indexc591.html]
[nexa.law/wp-json/oembed/1.0/embed50a0]
[nexa.law/wp-json/oembed/1.0/embedee69]
[nexa.law/wp-json/wp/v2/lawyer/5932]
[nexa.law/index978d.html]
[nexa.law/lawyers/wesley-emms/feed/index.html]
[nexa.law/wp-json/oembed/1.0/embede3e3]
[nexa.law/wp-json/oembed/1.0/embed33b9]
[nexa.law/wp-content/themes/nexalaw/src/css/additionalb7d7.css]
[nexa.law/wp-json/wp/v2/lawyer/316]
[nexa.law/index258b.html]
[nexa.law/welcoming-wesley-emms-to-nexa/index.html]
[nexa.law/wp-content/uploads/2022/06/Wesley_Emms-Edit_thumb_655x300px.jpg]
[nexa.law/lawyers/yasmine-lupin/feed/index.html]
[nexa.law/wp-json/oembed/1.0/embed0947]
[nexa.law/wp-json/oembed/1.0/embede172]
[nexa.law/wp-content/themes/nexalaw/src/css/additional1df2.css]
[nexa.law/wp-json/wp/v2/lawyer/397]
[nexa.law/indexae62.html]
[nexa.law/lawyers/zagam-hayat/feed/index.html]
[nexa.law/wp-json/oembed/1.0/embed9ef8]
[nexa.law/wp-json/oembed/1.0/embed9ed5]
[nexa.law/wp-content/themes/nexalaw/src/css/additional12a2.css]
[nexa.law/wp-json/wp/v2/lawyer/5137]
[nexa.law/index5309.html]
[nexa.law/lawyers/zaheer-bashir/feed/index.html]
[nexa.law/wp-json/oembed/1.0/embedeffe]
[nexa.law/wp-json/oembed/1.0/embed184c]
[nexa.law/wp-content/themes/nexalaw/src/css/additional1a78.css]
[nexa.law/wp-json/wp/v2/lawyer/269]
[nexa.law/index67bc.html]
[nexa.law/introducing-zaheer-bashir-to-nexa-law/index.html]
[nexa.law/wp-content/uploads/2021/03/Zaheer_Bashir_Thumb.jpg]
[nexa.law/lawyers/zahrah-aullybocus/feed/index.html]
[nexa.law/wp-json/oembed/1.0/embed63be]
[nexa.law/wp-json/oembed/1.0/embedca68]
[nexa.law/wp-content/themes/nexalaw/src/css/additional9b12.css]
[nexa.law/wp-json/wp/v2/lawyer/261]
[nexa.law/indexd89d.html]
[nexa.law/welcoming-zahrah-aullybocus-to-nexa/index.html]
[nexa.law/wp-content/uploads/2023/01/Zahrah_Aullybocus-Edit-profile_390x435px.jpg]
[nexa.law/lawyers/alistair-crellin/feed/index.html]
[nexa.law/wp-json/oembed/1.0/embed53fc]
[nexa.law/wp-json/oembed/1.0/embedb316]
[nexa.law/wp-json/wp/v2/lawyer/293]
[nexa.law/index89a1.html]
[nexa.law/wp-json/oembed/1.0/embed5e83]
[nexa.law/wp-json/oembed/1.0/embed335b]
[nexa.law/wp-content/themes/nexalaw/src/css/additional0b5c.css]
[nexa.law/wp-json/wp/v2/lawyer/6194]
[nexa.law/indexac60.html]
[nexa.law/lawyers/christopher-roper/feed/index.html]
[nexa.law/wp-json/oembed/1.0/embed9fad]
[nexa.law/wp-json/oembed/1.0/embed4f8f]
[nexa.law/wp-content/themes/nexalaw/src/css/additionaleb5a.css]
[nexa.law/wp-json/wp/v2/lawyer/450]
[nexa.law/index9e0f.html]
[nexa.law/lawyers/graeme-semon/feed/index.html]
[nexa.law/wp-json/oembed/1.0/embed855b]
[nexa.law/wp-json/oembed/1.0/embed06a3]
[nexa.law/wp-content/themes/nexalaw/src/css/additionald741.css]
[nexa.law/wp-json/wp/v2/lawyer/459]
[nexa.law/index6595.html]
[nexa.law/lawyers/jamal-khalil/feed/index.html]
[nexa.law/wp-json/oembed/1.0/embed6ca0]
[nexa.law/wp-json/oembed/1.0/embed5928]
[nexa.law/wp-content/themes/nexalaw/src/css/additional97b8.css]
[nexa.law/wp-json/wp/v2/lawyer/371]
[nexa.law/index9f0a.html]
[nexa.law/jamal-khalil-joins-nexa-law/index.html]
[nexa.law/wp-content/uploads/2020/07/AdobeStock_277630593-e1593769197163.jpeg]
[nexa.law/wp-json/oembed/1.0/embedf9a1]
[nexa.law/wp-json/oembed/1.0/embed99aa]
[nexa.law/wp-json/wp/v2/lawyer/6079]
[nexa.law/indexb85a.html]
[nexa.law/lawyers/nassar-khalil/feed/index.html]
[nexa.law/wp-json/oembed/1.0/embed63fc]
[nexa.law/wp-json/oembed/1.0/embedb538]
[nexa.law/wp-content/themes/nexalaw/src/css/additional678e.css]
[nexa.law/wp-json/wp/v2/lawyer/372]
[nexa.law/indexc3ba.html]
[nexa.law/wp-json/oembed/1.0/embed9a43]
[nexa.law/wp-json/oembed/1.0/embed22fa]
[nexa.law/wp-json/wp/v2/lawyer/5207]
[nexa.law/indexd257.html]
[nexa.law/wp-json/oembed/1.0/embedd021]
[nexa.law/wp-json/oembed/1.0/embed0966]
[nexa.law/wp-content/themes/nexalaw/src/css/additionala144.css]
[nexa.law/wp-json/wp/v2/service/12]
[nexa.law/index678b.html]
[nexa.law/wp-content/uploads/forminator/5357_daa4bac8ed763456167f9651d24e4cee/css/style-535743d5.css]
[nexa.law/wp-content/plugins/forminator/assets/forminator-ui/css/src/grid/forminator-grid.open.min500e.css]
[nexa.law/wp-json/oembed/1.0/embedeb55]
[nexa.law/wp-json/oembed/1.0/embedccec]
[nexa.law/wp-json/wp/v2/service/223]
[nexa.law/indexd027.html]
[nexa.law/wp-json/oembed/1.0/embed354d]
[nexa.law/wp-json/oembed/1.0/embed24c0]
[nexa.law/wp-content/themes/nexalaw/src/css/additional9565.css]
[nexa.law/wp-json/wp/v2/service/13]
[nexa.law/index2dc4.html]
[nexa.law/wp-json/oembed/1.0/embed050f]
[nexa.law/wp-json/oembed/1.0/embedbe67]
[nexa.law/wp-json/wp/v2/service/6066]
[nexa.law/index7c50.html]
[nexa.law/wp-json/oembed/1.0/embed1b9a]
[nexa.law/wp-json/oembed/1.0/embedbbab]
[nexa.law/wp-json/wp/v2/service/224]
[nexa.law/indexc902.html]
[nexa.law/wp-json/oembed/1.0/embed5466]
[nexa.law/wp-json/oembed/1.0/embedbc3c]
[nexa.law/wp-content/themes/nexalaw/src/css/additionald26b.css]
[nexa.law/wp-json/wp/v2/service/225]
[nexa.law/indexfa80.html]
[nexa.law/wp-json/oembed/1.0/embed92ec]
[nexa.law/wp-json/oembed/1.0/embed5a3e]
[nexa.law/wp-content/themes/nexalaw/src/css/additionalcf1c.css]
[nexa.law/wp-json/wp/v2/service/226]
[nexa.law/index8c34.html]
[nexa.law/wp-json/oembed/1.0/embed00a3]
[nexa.law/wp-json/oembed/1.0/embed39ce]
[nexa.law/wp-content/themes/nexalaw/src/css/additional069d.css]
[nexa.law/wp-json/wp/v2/service/6184]
[nexa.law/indexde88.html]
[nexa.law/wp-json/oembed/1.0/embed3ecc]
[nexa.law/wp-json/oembed/1.0/embed6af6]
[nexa.law/wp-content/themes/nexalaw/src/css/additional2587.css]
[nexa.law/wp-json/wp/v2/service/227]
[nexa.law/index9a88.html]
[nexa.law/wp-json/oembed/1.0/embedc063]
[nexa.law/wp-json/oembed/1.0/embeddedf]
[nexa.law/wp-content/themes/nexalaw/src/css/additional2297.css]
[nexa.law/wp-json/wp/v2/service/228]
[nexa.law/index6eea.html]
[nexa.law/wp-json/oembed/1.0/embed0827]
[nexa.law/wp-json/oembed/1.0/embed47dc]
[nexa.law/wp-json/wp/v2/service/229]
[nexa.law/index4580.html]
[nexa.law/wp-json/oembed/1.0/embed2639]
[nexa.law/wp-json/oembed/1.0/embedb282]
[nexa.law/wp-content/themes/nexalaw/src/css/additional4bf3.css]
[nexa.law/wp-json/wp/v2/service/230]
[nexa.law/index9fa1.html]
[nexa.law/wp-json/oembed/1.0/embed82d0]
[nexa.law/wp-json/oembed/1.0/embed1452]
[nexa.law/wp-content/themes/nexalaw/src/css/additionalc77e.css]
[nexa.law/wp-json/wp/v2/service/231]
[nexa.law/index9873.html]
[nexa.law/wp-json/oembed/1.0/embedddda]
[nexa.law/wp-json/oembed/1.0/embeda90f]
[nexa.law/wp-content/themes/nexalaw/src/css/additional98f9.css]
[nexa.law/wp-json/wp/v2/service/232]
[nexa.law/index80c9.html]
[nexa.law/wp-json/oembed/1.0/embed176e]
[nexa.law/wp-json/oembed/1.0/embed1f64]
[nexa.law/wp-content/themes/nexalaw/src/css/additionalfdc1.css]
[nexa.law/wp-json/wp/v2/service/515]
[nexa.law/indexd073.html]
[nexa.law/wp-json/oembed/1.0/embed4470]
[nexa.law/wp-json/oembed/1.0/embedbd24]
[nexa.law/wp-content/themes/nexalaw/src/css/additional41af.css]
[nexa.law/wp-json/wp/v2/service/233]
[nexa.law/index85b0.html]
[nexa.law/wp-json/oembed/1.0/embedc59a]
[nexa.law/wp-json/oembed/1.0/embed8383]
[nexa.law/wp-json/wp/v2/service/234]
[nexa.law/index6cd9.html]
[nexa.law/wp-json/oembed/1.0/embed0115]
[nexa.law/wp-json/oembed/1.0/embed4b7b]
[nexa.law/wp-content/themes/nexalaw/src/css/additionald5f1.css]
[nexa.law/wp-json/wp/v2/service/235]
[nexa.law/index5f0f.html]
[nexa.law/wp-json/oembed/1.0/embed38e9]
[nexa.law/wp-json/oembed/1.0/embed976c]
[nexa.law/wp-content/themes/nexalaw/src/css/additionaleb55.css]
[nexa.law/wp-json/wp/v2/service/236]
[nexa.law/index0133.html]
[nexa.law/wp-json/oembed/1.0/embedf76d]
[nexa.law/wp-json/oembed/1.0/embed7215]
[nexa.law/wp-content/themes/nexalaw/src/css/additional7954.css]
[nexa.law/wp-json/wp/v2/service/237]
[nexa.law/index8a71.html]
[nexa.law/wp-json/oembed/1.0/embed1bbc]
[nexa.law/wp-json/oembed/1.0/embedda50]
[nexa.law/wp-content/themes/nexalaw/src/css/additionala6c2.css]
[nexa.law/wp-json/wp/v2/service/11]
[nexa.law/index5757.html]
[nexa.law/wp-json/oembed/1.0/embed3912]
[nexa.law/wp-json/oembed/1.0/embed99cf]
[nexa.law/wp-json/wp/v2/service/239]
[nexa.law/index1639-2.html]
[nexa.law/wp-json/oembed/1.0/embedda60]
[nexa.law/wp-json/oembed/1.0/embed9f86]
[nexa.law/wp-content/themes/nexalaw/src/css/additional12c9.css]
[nexa.law/wp-json/wp/v2/service/240]
[nexa.law/indexcfe0.html]
[nexa.law/wp-json/oembed/1.0/embedc50c]
[nexa.law/wp-json/oembed/1.0/embed601c]
[nexa.law/wp-content/themes/nexalaw/src/css/additionalbf10.css]
[nexa.law/wp-json/wp/v2/service/241]
[nexa.law/index03e1.html]
[nexa.law/wp-json/oembed/1.0/embed5842]
[nexa.law/wp-json/oembed/1.0/embedb637]
[nexa.law/wp-content/themes/nexalaw/src/css/additional2a08.css]
[nexa.law/wp-json/wp/v2/service/5474]
[nexa.law/indexbc01.html]
[nexa.law/wp-content/uploads/forminator/5381_e2131916f992341bba881ac864124c86/css/style-53815d5a.css]
[nexa.law/wp-content/uploads/2025/07/Hearing_loss_no_win_no_fee_desktop.webp]
[nexa.law/wp-content/uploads/2025/07/Hearing_loss_no_win_no_fee_mobile.webp]
[nexa.law/wp-content/uploads/2025/07/Hearing_loss_clear_guidance_desktop.webp]
[nexa.law/wp-content/uploads/2025/07/Hearing_loss_clear_guidance_mobile.webp]
[nexa.law/wp-content/uploads/2025/05/David_Roth-Edit_profile_390x435.jpg]
[nexa.law/wp-content/uploads/2025/05/Charlotte_Nicholson-Edit_profile_390x435.jpg]
[nexa.law/wp-content/uploads/2025/05/James_Dadzitis-Edit_profile_390x435.jpg]
[nexa.law/wp-content/uploads/2025/05/James_Lewis-Edit_profile_390x435.jpg]
[nexa.law/wp-content/uploads/2025/05/Lee_Preston-Edit_profile_390x435.jpg]
[nexa.law/wp-content/uploads/2025/05/Martina_Coyle-Edit_profile_390x435.jpg]
[nexa.law/wp-content/uploads/2025/05/Paula_McIntyre-Edit_profile_390x435.jpg]
[nexa.law/wp-content/uploads/2025/05/Quote_adam.webp]
[nexa.law/wp-content/uploads/2025/05/Quote_james.webp]
[nexa.law/wp-content/uploads/2025/05/Quote_danny.webp]
[nexa.law/wp-content/uploads/2024/12/image002.jpg]
[nexa.law/confidentiality-claiming-will-your-unit-or-co-be-told/index.html]
[nexa.law/wp-content/uploads/2025/07/confidentiality_claiming.webp]
[nexa.law/can-you-make-a-claim-while-still-serving/index.html]
[nexa.law/wp-content/uploads/2025/07/claim_while_still_serving.webp]
[nexa.law/understanding-the-date-of-knowledge-in-military-claims/index.html]
[nexa.law/wp-content/uploads/2025/07/date_of_knowledge.webp]
[nexa.law/mod-claims-vs-afcs-whats-the-difference/index.html]
[nexa.law/wp-content/uploads/2025/07/mod_claims_vs_afcs.webp]
[nexa.law/your-rights-when-injured-in-the-armed-forces/index.html]
[nexa.law/wp-content/uploads/2025/07/your_rights_when_injured.webp]
[nexa.law/reclaiming-whats-right-nexa-law-supporting-military-personnel-with-undersettled-hearing-loss-claims/index.html]
[nexa.law/wp-content/uploads/2025/07/undersettled_hearing_loss.webp]
[nexa.law/band-of-brothers-why-recommending-nexa-law-could-make-all-the-difference/index.html]
[nexa.law/wp-content/uploads/2025/05/band_of_brothers.webp]
[nexa.law/cold-injuries-why-speaking-up-matters/index.html]
[nexa.law/wp-content/uploads/2025/05/cold_injuries.webp]
[nexa.law/nexa-law-secures-over-1000-military-hearing-loss-settlements-and-continues-to-fight-for-service-personnel/index.html]
[nexa.law/wp-content/uploads/2025/05/1000_hearing_loss.webp]
[nexa.law/nexa-law-clients-included-in-high-court-test-case-for-military-hearing-loss-claims/index.html]
[nexa.law/wp-content/uploads/2025/05/royal_court.webp]
[nexa.law/wp-json/oembed/1.0/embed750e]
[nexa.law/wp-json/oembed/1.0/embed291f]
[nexa.law/wp-content/themes/nexalaw/src/css/additionalc294.css]
[nexa.law/wp-json/wp/v2/service/5272]
[nexa.law/indexef56.html]
[nexa.law/wp-content/uploads/2025/07/Military_justice_no_win_no_fee_desktop.webp]
[nexa.law/wp-content/uploads/2025/07/Military_justice_no_win_no_fee_mobile.webp]
[nexa.law/wp-content/uploads/2025/07/Military_justice_clear_guidance_desktop.webp]
[nexa.law/wp-content/uploads/2025/07/Military_justice_clear_guidance_mobile.webp]
[nexa.law/wp-json/oembed/1.0/embed9f8a]
[nexa.law/wp-json/oembed/1.0/embedb412]
[nexa.law/wp-content/themes/nexalaw/src/css/additional1232.css]
[nexa.law/wp-json/wp/v2/service/5469]
[nexa.law/index40eb.html]
[nexa.law/wp-content/uploads/2025/07/NFCI_no_win_no_fee_desktop.webp]
[nexa.law/wp-content/uploads/2025/07/NFCI_no_win_no_fee_mobile.webp]
[nexa.law/wp-content/uploads/2025/07/NFCI_clear_guidance_desktop.webp]
[nexa.law/wp-content/uploads/2025/07/NFCI_clear_guidance_mobile.webp]
[nexa.law/wp-json/oembed/1.0/embed1ced]
[nexa.law/wp-json/oembed/1.0/embed322a]
[nexa.law/wp-content/themes/nexalaw/src/css/additionalb995.css]
[nexa.law/wp-json/wp/v2/service/5470]
[nexa.law/index10bc.html]
[nexa.law/wp-content/uploads/2025/07/under_settled_no_win_no_fee_desktop_3.webp]
[nexa.law/wp-content/uploads/2025/07/under_settled_no_win_no_fee_mobile_3.webp]
[nexa.law/wp-content/uploads/2025/07/Under_settled_clear_guidance_desktop.webp]
[nexa.law/wp-content/uploads/2025/07/Under_settled_clear_guidance_mobile.webp]
[nexa.law/wp-json/oembed/1.0/embed2af7]
[nexa.law/wp-json/oembed/1.0/embedbcec]
[nexa.law/wp-json/wp/v2/service/505]
[nexa.law/index9b9e.html]
[nexa.law/wp-json/oembed/1.0/embedc021]
[nexa.law/wp-json/oembed/1.0/embedf112]
[nexa.law/wp-content/themes/nexalaw/src/css/additional8e9c.css]
[nexa.law/wp-json/wp/v2/service/243]
[nexa.law/indexfbc5.html]
[nexa.law/wp-json/oembed/1.0/embed62be]
[nexa.law/wp-json/oembed/1.0/embed5aab]
[nexa.law/wp-json/wp/v2/service/508]
[nexa.law/indexa5f2.html]
[nexa.law/wp-json/oembed/1.0/embedf33a]
[nexa.law/wp-json/oembed/1.0/embed6d31]
[nexa.law/wp-json/wp/v2/service/244]
[nexa.law/index4978.html]
[nexa.law/wp-json/oembed/1.0/embedfcc0]
[nexa.law/wp-json/oembed/1.0/embed4e39]
[nexa.law/wp-content/themes/nexalaw/src/css/additional2b14.css]
[nexa.law/wp-json/wp/v2/service/245]
[nexa.law/indexe1a1.html]
[nexa.law/wp-json/oembed/1.0/embed5c1b]
[nexa.law/wp-json/oembed/1.0/embed09ca]
[nexa.law/wp-content/themes/nexalaw/src/css/additional9dd7.css]
[nexa.law/wp-json/wp/v2/service/246]
[nexa.law/index88a0.html]
[nexa.law/wp-json/oembed/1.0/embeda968]
[nexa.law/wp-json/oembed/1.0/embed743a]
[nexa.law/wp-content/themes/nexalaw/src/css/additionald617.css]
[nexa.law/wp-json/wp/v2/service/247]
[nexa.law/index8cf0.html]
[nexa.law/wp-json/oembed/1.0/embedfaea]
[nexa.law/wp-json/oembed/1.0/embed12f4]
[nexa.law/wp-json/wp/v2/service/248]
[nexa.law/indexcf9a.html]
[nexa.law/wp-json/oembed/1.0/embed5013]
[nexa.law/wp-json/oembed/1.0/embed6c7c]
[nexa.law/wp-content/themes/nexalaw/src/css/additionald13c.css]
[nexa.law/wp-json/wp/v2/service/6059]
[nexa.law/index5f55.html]
[nexa.law/wp-content/themes/nexalaw/src/css/additionalffac.css]
[nexa.law/charity-trustee-lessons-from-the-captain-tom-foundation-scandal/index.html]
[nexa.law/what-are-the-risks-of-being-a-guarantor-on-my-childs-mortgage/index.html]
[nexa.law/wp-content/uploads/2025/06/AdobeStock_573769353.jpeg]
[nexa.law/a-guide-to-adjudication/index.html]
[nexa.law/wp-content/uploads/2023/11/Legal-Futures-Crystal-Ball-THUMBNAIL.png]
[nexa.law/understanding-the-new-eu-general-product-safety-regulation-in-sixty-seconds/index.html]
[nexa.law/wp-content/uploads/2025/01/AdobeStock_1035559749.jpeg]
[nexa.law/key-keatures-of-the-employment-rights-bill-2024/index.html]
[nexa.law/wp-content/uploads/2024/12/Image-16-12-2024-at-11.04.jpeg]
[nexa.law/risk-management-strategies-to-avoid-contract-disputes/index.html]
[nexa.law/wp-content/uploads/2024/12/risk-management.webp]
[nexa.law/what-is-a-validation-order/index.html]
[nexa.law/what-is-a-winding-up-petition/index.html]
[nexa.law/first-aid-for-ailing-businesses-let-us-help-you/index.html]
[nexa.law/hmrc-and-time-to-pay-arrangements-what-you-need-to-know/index.html]
[nexa.law/wp-content/uploads/2025/04/AdobeStock_1116005509.jpeg]
[nexa.law/court-of-appeal-rejects-hmrcs-argument-for-special-treatment-in-winding-up-dispute-femi-ogunshakin/index.html]
[nexa.law/how-we-manage-complex-legal-matters-with-our-consultants/index.html]
[nexa.law/wp-content/uploads/2024/06/Nexa_complex_legal_feature.jpg]
[nexa.law/how-nexa-stays-secure-with-robust-it-systems/index.html]
[nexa.law/wp-content/uploads/2024/06/Nexa_robust_IT_systems_feature.webp]
[nexa.law/nexa-relocates-to-new-london-base/index.html]
[nexa.law/wp-content/uploads/2024/05/Big-Ben-thumbnail.png]
[nexa.law/mental-health-and-the-legal-profession-nexa-offers-a-solution/index.html]
[nexa.law/wp-content/uploads/2024/05/Mental-Health-Awareness-Week-1-1.png]
[nexa.law/nexa-insights/page/4/index.html]
[nexa.law/nexa-raises-professional-indemnity-insurance-to-10-million/feed/index.html]
[nexa.law/wp-json/oembed/1.0/embeddebd]
[nexa.law/wp-json/oembed/1.0/embede199]
[nexa.law/wp-json/wp/v2/posts/6018]
[nexa.law/indexbd04.html]
[nexa.law/wp-content/uploads/2025/12/Wordpress-blog-image-header-1024x521.png]
[nexa.law/nexa-breaks-into-the-lawyer-top-200/feed/index.html]
[nexa.law/wp-json/oembed/1.0/embedd4b5]
[nexa.law/wp-json/oembed/1.0/embed8933]
[nexa.law/wp-content/themes/nexalaw/src/css/additional20a9.css]
[nexa.law/wp-json/wp/v2/posts/5984]
[nexa.law/index1714.html]
[nexa.law/wp-content/uploads/2025/11/Nexa-The-Lawyer-Top-200-1024x521.png]
[nexa.law/christmas-child-arrangements-words-from-lawyer-muntech-kaur/feed/index.html]
[nexa.law/wp-json/oembed/1.0/embed696a]
[nexa.law/wp-json/oembed/1.0/embed799c]
[nexa.law/wp-json/wp/v2/posts/5904]
[nexa.law/indexf90d.html]
[nexa.law/wp-content/uploads/2025/11/NEXA-1024x521.jpg]
[nexa.law/unfair-dismissal-faqs/feed/index.html]
[nexa.law/wp-json/oembed/1.0/embed9ccf]
[nexa.law/wp-json/oembed/1.0/embedd030]
[nexa.law/wp-content/themes/nexalaw/src/css/additional80f9.css]
[nexa.law/wp-json/wp/v2/posts/5898]
[nexa.law/index7d21.html]
[nexa.law/wp-content/uploads/2025/10/Nexa-Socials-Oct-25-1024x1024.png]
[nexa.law/a-guide-to-making-a-medical-negligence-claim/feed/index.html]
[nexa.law/wp-json/oembed/1.0/embed5013-2]
[nexa.law/wp-json/oembed/1.0/embeda7c1]
[nexa.law/wp-json/wp/v2/posts/5892]
[nexa.law/indexb7cb.html]
[nexa.law/when-does-a-contract-become-legally-binding/feed/index.html]
[nexa.law/wp-json/oembed/1.0/embed8190]
[nexa.law/wp-json/oembed/1.0/embed9fb9]
[nexa.law/wp-json/wp/v2/posts/5862]
[nexa.law/indexcb4c.html]
[nexa.law/reporting-a-dissolved-company-that-is-still-trading/feed/index.html]
[nexa.law/wp-json/oembed/1.0/embed40dc]
[nexa.law/wp-json/oembed/1.0/embede00a]
[nexa.law/wp-content/themes/nexalaw/src/css/additional4805.css]
[nexa.law/wp-json/wp/v2/posts/5857]
[nexa.law/indexbee0.html]
[nexa.law/pre-emptive-validation-orders-in-insolvency-proceedings/feed/index.html]
[nexa.law/wp-json/oembed/1.0/embed6ee1]
[nexa.law/wp-json/oembed/1.0/embed6edf]
[nexa.law/wp-content/themes/nexalaw/src/css/additional8ab2.css]
[nexa.law/wp-json/wp/v2/posts/6152]
[nexa.law/index05a1.html]
[nexa.law/amendments-to-the-employment-rights-bill-banning-ndas-that-silence-victims-of-discrimination-and-harassment/feed/index.html]
[nexa.law/wp-json/oembed/1.0/embed27ad]
[nexa.law/wp-json/oembed/1.0/embed9f08]
[nexa.law/wp-json/wp/v2/posts/5813]
[nexa.law/indexa78d.html]
[nexa.law/what-can-you-do-if-your-ex-wont-let-you-take-your-child-abroad-for-a-summer-holiday/feed/index.html]
[nexa.law/wp-json/oembed/1.0/embeddada]
[nexa.law/wp-json/oembed/1.0/embedfbaa]
[nexa.law/wp-json/wp/v2/posts/5812]
[nexa.law/indexfeb1.html]
[nexa.law/wp-content/uploads/2024/08/family-3-1024x325.jpg]
[nexa.law/a-step-by-step-guide-to-acquiring-a-trademark/feed/index.html]
[nexa.law/wp-json/oembed/1.0/embed20e9]
[nexa.law/wp-json/oembed/1.0/embed189a]
[nexa.law/wp-content/themes/nexalaw/src/css/additionaldd9f.css]
[nexa.law/wp-json/wp/v2/posts/5702]
[nexa.law/indexdcc4.html]
[nexa.law/can-i-be-made-redundant-due-to-ai/feed/index.html]
[nexa.law/wp-json/oembed/1.0/embeda110]
[nexa.law/wp-json/oembed/1.0/embed4962]
[nexa.law/wp-content/themes/nexalaw/src/css/additional67b5.css]
[nexa.law/wp-json/wp/v2/posts/5660]
[nexa.law/indexc6f1.html]
[nexa.law/directors-personal-liability-in-costs-in-winding-up-proceedings/feed/index.html]
[nexa.law/wp-json/oembed/1.0/embedbcd8]
[nexa.law/wp-json/oembed/1.0/embed52ef]
[nexa.law/wp-content/themes/nexalaw/src/css/additional02b0.css]
[nexa.law/wp-json/wp/v2/posts/5632]
[nexa.law/index4418.html]
[nexa.law/nexa-law-emerges-as-a-key-player-in-the-legal-industrys-shift-towards-platform-firms/index.html]
[nexa.law/wp-content/uploads/2024/03/Building-block-thumbnail.png]
[nexa.law/nexa-celebrates-and-supports-women-in-law/index.html]
[nexa.law/wp-content/uploads/2024/03/International-Womens-Day-Friday-8-March-2024-.png]
[nexa.law/origin-legal-interview-nexa/index.html]
[nexa.law/wp-content/uploads/2024/02/Origin-Legal-Interview-THUMBNAIL.png]
[nexa.law/nexa-welcomes-ellen-parker-to-strengthen-commercial-property-expertise/index.html]
[nexa.law/wp-content/uploads/2024/01/Ellen_Parker-Edit_profile_390x435-THUMBNAIL.jpg]
[nexa.law/licensing-or-franchising-franchise-solicitor-roz-goldstein-explains/index.html]
[nexa.law/wp-content/uploads/2021/05/Roz_Goldstein_profile.jpg]
[nexa.law/the-path-to-a-new-home-the-importance-of-expert-legal-advice/index.html]
[nexa.law/wp-content/uploads/2024/01/The-Path-to-a-New-Home-THUMBNAIL.png]
[nexa.law/nexas-friends-helping-our-business-succeed-judy-salmon/index.html]
[nexa.law/wp-content/uploads/2024/01/Judy-Salmon-THUMBNAIL.png]
[nexa.law/nexa-looks-ahead-to-2024-continuing-to-attract-the-very-best-legal-sector-talent/index.html]
[nexa.law/wp-content/uploads/2023/12/Merry-Christmas-2023-THUMBNAIL.png]
[nexa.law/family-law-importance-of-advice/index.html]
[nexa.law/wp-content/uploads/2020/09/elizabeth.jpg]
[nexa.law/nexa-announces-the-appointment-of-new-cmo-head-of-talent/index.html]
[nexa.law/wp-content/uploads/2022/02/John-McAuley_profile.jpg]
[nexa.law/right-to-work-checks-top-tips-to-avoid-a-60k-fine/index.html]
[nexa.law/wp-content/uploads/2023/11/Roundtable-thumbnail.png]
[nexa.law/halloween-horrors-dont-get-spooked-how-to-avoid-joining-the-wrong-law-firm/index.html]
[nexa.law/wp-content/uploads/2023/10/Halloween-THUMBNAIL.png]
[nexa.law/is-time-up-for-the-billable-hour-whats-the-future-for-legal-services-billing-2/index.html]
[nexa.law/wp-content/uploads/2023/09/Big-Ben-thumbnail.png]
[nexa.law/how-to-ensure-your-childrenswear-business-doesnt-fall-foul-of-minimum-wage-legislation/index.html]
[nexa.law/wp-content/uploads/2023/10/Minimum-Wage-THUMBNAIL.png]
[nexa.law/nexa-insights/page/5/index.html]
[nexa.law/nexa-insights/page/22/index.html]
[nexa.law/nexa-insights/page/24/index.html]
[nexa.law/raising-happiness-time/index.html]
[nexa.law/wp-content/uploads/2017/07/Depositphotos_50927465_l-2015-1.jpg]
[nexa.law/victoria-joins-nexa-law/index.html]
[nexa.law/wp-content/uploads/2017/07/Victoria_featured.jpg]
[nexa.law/5-reasons-become-boss/index.html]
[nexa.law/wp-content/uploads/2017/06/be-your-own-boss-featured.jpg]
[nexa.law/interview-nexa-laws-managing-director/index.html]
[nexa.law/wp-content/uploads/2017/06/eliot-1.jpg]
[nexa.law/nexa-insights/page/21/index.html]
[nexa.law/wp-json/oembed/1.0/embed5ed5]
[nexa.law/wp-json/oembed/1.0/embed58eb]
[nexa.law/wp-content/themes/nexalaw/src/css/additional55d8.css]
[nexa.law/wp-json/wp/v2/pages/5023]
[nexa.law/indexdc70.html]
[nexa.law/wp-json/oembed/1.0/embedf19e]
[nexa.law/wp-json/oembed/1.0/embedf988]
[nexa.law/wp-content/themes/nexalaw/src/css/additionalfb25.css]
[nexa.law/wp-json/wp/v2/pages/5024]
[nexa.law/indexae5b.html]
[nexa.law/wp-json/oembed/1.0/embed70f5]
[nexa.law/wp-json/oembed/1.0/embed2901]
[nexa.law/wp-json/wp/v2/pages/5025]
[nexa.law/index162f.html]
[nexa.law/wp-json/oembed/1.0/embed35e8]
[nexa.law/wp-json/oembed/1.0/embeddbd3]
[nexa.law/wp-content/themes/nexalaw/src/css/additionala089.css]
[nexa.law/wp-json/wp/v2/pages/5027]
[nexa.law/index6121.html]
[nexa.law/wp-json/oembed/1.0/embed18fc]
[nexa.law/wp-json/oembed/1.0/embedbac2]
[nexa.law/wp-content/themes/nexalaw/src/css/additional62c5.css]
[nexa.law/wp-json/wp/v2/pages/5028]
[nexa.law/index3328.html]
[nexa.law/wp-json/oembed/1.0/embed989a]
[nexa.law/wp-json/oembed/1.0/embedac46]
[nexa.law/wp-content/themes/nexalaw/src/css/additional7f56.css]
[nexa.law/wp-json/wp/v2/pages/5030]
[nexa.law/index611c.html]
[nexa.law/wp-json/oembed/1.0/embed6bc0]
[nexa.law/wp-json/oembed/1.0/embeddaf5]
[nexa.law/wp-json/wp/v2/pages/5032]
[nexa.law/index3ded.html]
[nexa.law/wp-json/oembed/1.0/embedacf2]
[nexa.law/wp-json/oembed/1.0/embedd341]
[nexa.law/wp-content/themes/nexalaw/src/css/additionalb709.css]
[nexa.law/wp-json/wp/v2/pages/5978]
[nexa.law/index2fb3.html]
[nexa.law/wp-json/oembed/1.0/embed1b7b]
[nexa.law/wp-json/oembed/1.0/embedb769]
[nexa.law/wp-content/themes/nexalaw/src/css/additional8df0.css]
[nexa.law/wp-json/wp/v2/posts/2034]
[nexa.law/indexf981.html]
[nexa.law/wp-json/oembed/1.0/embedceef]
[nexa.law/wp-json/oembed/1.0/embed0d25]
[nexa.law/wp-content/themes/nexalaw/src/css/additional1cd9.css]
[nexa.law/wp-json/wp/v2/posts/2820]
[nexa.law/indexa916.html]
[nexa.law/wp-json/oembed/1.0/embed1b2d]
[nexa.law/wp-json/oembed/1.0/embed6957]
[nexa.law/wp-content/themes/nexalaw/src/css/additional0d96.css]
[nexa.law/wp-json/wp/v2/posts/2952]
[nexa.law/indexa8ef.html]
[nexa.law/wp-json/oembed/1.0/embed5736]
[nexa.law/wp-json/oembed/1.0/embedeff6]
[nexa.law/wp-content/themes/nexalaw/src/css/additional4201.css]
[nexa.law/wp-json/wp/v2/posts/2804]
[nexa.law/index207c.html]
[nexa.law/wp-content/uploads/2021/06/Amardeep_Nangla_Blog-1.jpg]
[nexa.law/wp-json/oembed/1.0/embed0aaa]
[nexa.law/wp-json/oembed/1.0/embed2c6b]
[nexa.law/wp-content/themes/nexalaw/src/css/additional32fa.css]
[nexa.law/wp-json/wp/v2/posts/2139]
[nexa.law/indexb1e6.html]
[nexa.law/wp-json/oembed/1.0/embedcb86]
[nexa.law/wp-json/oembed/1.0/embed6959]
[nexa.law/wp-json/wp/v2/posts/1838]
[nexa.law/indexd4e2.html]
[nexa.law/wp-json/oembed/1.0/embed2b15]
[nexa.law/wp-json/oembed/1.0/embed50fe]
[nexa.law/wp-content/themes/nexalaw/src/css/additional2110.css]
[nexa.law/wp-json/wp/v2/posts/1925]
[nexa.law/index46b2.html]
[nexa.law/wp-json/oembed/1.0/embed50d3]
[nexa.law/wp-json/oembed/1.0/embed7e5c]
[nexa.law/wp-content/themes/nexalaw/src/css/additionalc205.css]
[nexa.law/wp-json/wp/v2/posts/4669]
[nexa.law/indexb4c8.html]
[nexa.law/wp-json/oembed/1.0/embed92dc]
[nexa.law/wp-json/oembed/1.0/embed4d02]
[nexa.law/wp-content/themes/nexalaw/src/css/additional2cb5.css]
[nexa.law/wp-json/wp/v2/posts/2681]
[nexa.law/indexce78.html]
[nexa.law/wp-json/oembed/1.0/embed7466]
[nexa.law/wp-json/oembed/1.0/embeddbc3]
[nexa.law/wp-content/themes/nexalaw/src/css/additional7d00.css]
[nexa.law/wp-json/wp/v2/posts/1823]
[nexa.law/index20fc.html]
[nexa.law/wp-json/oembed/1.0/embedaec6]
[nexa.law/wp-json/oembed/1.0/embed8884]
[nexa.law/wp-content/themes/nexalaw/src/css/additionalb808.css]
[nexa.law/wp-json/wp/v2/posts/2769]
[nexa.law/indexd172.html]
[nexa.law/wp-json/oembed/1.0/embed17ad]
[nexa.law/wp-json/oembed/1.0/embed7e12]
[nexa.law/wp-content/themes/nexalaw/src/css/additionalaf53.css]
[nexa.law/wp-json/wp/v2/posts/2284]
[nexa.law/index401a.html]
[nexa.law/wp-json/oembed/1.0/embedec8a]
[nexa.law/wp-json/oembed/1.0/embed1832]
[nexa.law/wp-content/themes/nexalaw/src/css/additional6933.css]
[nexa.law/wp-json/wp/v2/posts/1827]
[nexa.law/index72ff.html]
[nexa.law/wp-json/oembed/1.0/embed93ea]
[nexa.law/wp-json/oembed/1.0/embedc270]
[nexa.law/wp-content/themes/nexalaw/src/css/additional8127.css]
[nexa.law/wp-json/wp/v2/posts/4005]
[nexa.law/index1269.html]
[nexa.law/wp-json/oembed/1.0/embed57b0]
[nexa.law/wp-json/oembed/1.0/embedd333]
[nexa.law/wp-content/themes/nexalaw/src/css/additionalce8a.css]
[nexa.law/wp-json/wp/v2/posts/1660]
[nexa.law/indexb83b.html]
[nexa.law/wp-json/oembed/1.0/embed65f7]
[nexa.law/wp-json/oembed/1.0/embedbf13]
[nexa.law/wp-content/themes/nexalaw/src/css/additionalcaab.css]
[nexa.law/wp-json/wp/v2/posts/2379]
[nexa.law/index0047.html]
[nexa.law/wp-json/oembed/1.0/embedd304]
[nexa.law/wp-json/oembed/1.0/embed7049]
[nexa.law/wp-content/themes/nexalaw/src/css/additional7ba7.css]
[nexa.law/wp-json/wp/v2/posts/2407]
[nexa.law/index2807.html]
[nexa.law/wp-json/oembed/1.0/embedccfb]
[nexa.law/wp-json/oembed/1.0/embed8a0c]
[nexa.law/wp-content/themes/nexalaw/src/css/additional51a6.css]
[nexa.law/wp-json/wp/v2/posts/2521]
[nexa.law/indexcf3e.html]
[nexa.law/wp-json/oembed/1.0/embedb59d]
[nexa.law/wp-json/oembed/1.0/embed077d]
[nexa.law/wp-content/themes/nexalaw/src/css/additional817e.css]
[nexa.law/wp-json/wp/v2/posts/2177]
[nexa.law/index0264.html]
[nexa.law/wp-json/oembed/1.0/embed439e]
[nexa.law/wp-json/oembed/1.0/embed6773]
[nexa.law/wp-content/themes/nexalaw/src/css/additional92f8.css]
[nexa.law/wp-json/wp/v2/posts/4114]
[nexa.law/index4af1.html]
[nexa.law/wp-json/oembed/1.0/embed9f78]
[nexa.law/wp-json/oembed/1.0/embed2388]
[nexa.law/wp-content/themes/nexalaw/src/css/additional214d.css]
[nexa.law/wp-json/wp/v2/posts/3579]
[nexa.law/index5789.html]
[nexa.law/time-to-pay-new-vat-late-payment-penalties/feed/index.html]
[nexa.law/wp-json/oembed/1.0/embedd226]
[nexa.law/wp-json/oembed/1.0/embed908e]
[nexa.law/wp-content/themes/nexalaw/src/css/additional06ed.css]
[nexa.law/wp-json/wp/v2/posts/6146]
[nexa.law/index77d4.html]
[nexa.law/wp-json/oembed/1.0/embed6cf7]
[nexa.law/wp-json/oembed/1.0/embedc3fd]
[nexa.law/wp-content/themes/nexalaw/src/css/additional35ca.css]
[nexa.law/wp-json/wp/v2/posts/2239]
[nexa.law/index4de7.html]
[nexa.law/wp-json/oembed/1.0/embed6abf]
[nexa.law/wp-json/oembed/1.0/embedc496]
[nexa.law/wp-content/themes/nexalaw/src/css/additionale91d.css]
[nexa.law/wp-json/wp/v2/posts/4534]
[nexa.law/indexa3af.html]
[nexa.law/wp-content/uploads/2023/09/Gary_Austin-Edit_blog_860x300px.jpg]
[nexa.law/wp-json/oembed/1.0/embeddd85]
[nexa.law/wp-json/oembed/1.0/embed6d4f]
[nexa.law/wp-content/themes/nexalaw/src/css/additional4e06.css]
[nexa.law/wp-json/wp/v2/posts/2013]
[nexa.law/index77d6.html]
[nexa.law/wp-json/oembed/1.0/embed9049]
[nexa.law/wp-json/oembed/1.0/embed1d0c]
[nexa.law/wp-content/themes/nexalaw/src/css/additional81c5.css]
[nexa.law/wp-json/wp/v2/posts/1601]
[nexa.law/index0bc9.html]
[www.nexa.law/wp-content/uploads/2019/06/Ilesh-blog.jpg]
[nexa.law/wp-json/oembed/1.0/embed62d8]
[nexa.law/wp-json/oembed/1.0/embed290d]
[nexa.law/wp-content/themes/nexalaw/src/css/additionald4a0.css]
[nexa.law/wp-json/wp/v2/posts/2119]
[nexa.law/index4b3f.html]
[nexa.law/wp-json/oembed/1.0/embed1bcd]
[nexa.law/wp-json/oembed/1.0/embed4024]
[nexa.law/wp-content/themes/nexalaw/src/css/additional0c39.css]
[nexa.law/wp-json/wp/v2/posts/1814]
[nexa.law/indexc0e8.html]
[nexa.law/wp-json/oembed/1.0/embedead3]
[nexa.law/wp-json/oembed/1.0/embed8a09]
[nexa.law/wp-content/themes/nexalaw/src/css/additional93d3.css]
[nexa.law/wp-json/wp/v2/posts/3991]
[nexa.law/indexb4a5.html]
[nexa.law/wp-json/oembed/1.0/embed9b8f]
[nexa.law/wp-json/oembed/1.0/embed5eaa]
[nexa.law/wp-content/themes/nexalaw/src/css/additionale994.css]
[nexa.law/wp-json/wp/v2/posts/2204]
[nexa.law/indexea2e.html]
[nexa.law/wp-json/oembed/1.0/embede68a]
[nexa.law/wp-json/oembed/1.0/embed0cc0]
[nexa.law/wp-content/themes/nexalaw/src/css/additional1cc2.css]
[nexa.law/wp-json/wp/v2/posts/2422]
[nexa.law/indexdba3.html]
[nexa.law/wp-json/oembed/1.0/embedf66f]
[nexa.law/wp-json/oembed/1.0/embed40bb]
[nexa.law/wp-content/themes/nexalaw/src/css/additionalb5f0.css]
[nexa.law/wp-json/wp/v2/posts/2899]
[nexa.law/indexc71e.html]
[nexa.law/wp-json/oembed/1.0/embed2aa2]
[nexa.law/wp-json/oembed/1.0/embedf0ac]
[nexa.law/wp-content/themes/nexalaw/src/css/additionald611.css]
[nexa.law/wp-json/wp/v2/posts/2021]
[nexa.law/index1970.html]
[nexa.law/wp-json/oembed/1.0/embeda7a8]
[nexa.law/wp-json/oembed/1.0/embeddd65]
[nexa.law/wp-content/themes/nexalaw/src/css/additionalf2cd.css]
[nexa.law/wp-json/wp/v2/posts/2878]
[nexa.law/index998d.html]
[nexa.law/wp-json/oembed/1.0/embed86d2]
[nexa.law/wp-json/oembed/1.0/embed2a6f]
[nexa.law/wp-content/themes/nexalaw/src/css/additional8820.css]
[nexa.law/wp-json/wp/v2/posts/2762]
[nexa.law/index22c9.html]
[nexa.law/wp-json/oembed/1.0/embedfd07]
[nexa.law/wp-json/oembed/1.0/embed68df]
[nexa.law/wp-content/themes/nexalaw/src/css/additionalb618.css]
[nexa.law/wp-json/wp/v2/posts/2348]
[nexa.law/index5c68.html]
[nexa.law/wp-json/oembed/1.0/embed87a7]
[nexa.law/wp-json/oembed/1.0/embed06f7]
[nexa.law/wp-content/themes/nexalaw/src/css/additional0c5b.css]
[nexa.law/wp-json/wp/v2/posts/2199]
[nexa.law/indexede1.html]
[nexa.law/wp-json/oembed/1.0/embed54b8]
[nexa.law/wp-json/oembed/1.0/embed0429]
[nexa.law/wp-content/themes/nexalaw/src/css/additional2569.css]
[nexa.law/wp-json/wp/v2/posts/1639]
[nexa.law/indexe38d.html]
[nexa.law/wp-json/oembed/1.0/embed0a77]
[nexa.law/wp-json/oembed/1.0/embedea0c]
[nexa.law/wp-content/themes/nexalaw/src/css/additionalcfdd.css]
[nexa.law/wp-json/wp/v2/posts/4128]
[nexa.law/indexc185.html]
[nexa.law/wp-json/oembed/1.0/embed39d9]
[nexa.law/wp-json/oembed/1.0/embedc25c]
[nexa.law/wp-content/themes/nexalaw/src/css/additional45a4.css]
[nexa.law/wp-json/wp/v2/posts/2995]
[nexa.law/index1b7a.html]
[nexa.law/wp-json/oembed/1.0/embed5046]
[nexa.law/wp-json/oembed/1.0/embed3989]
[nexa.law/wp-content/themes/nexalaw/src/css/additionala8e2.css]
[nexa.law/wp-json/wp/v2/posts/1910]
[nexa.law/indexc3e0.html]
